Binder Name,Binder Type,Name,Set code,Set name,Collector number,Foil,Rarity,Quantity,ManaBox ID,Scryfall ID,Purchase price,Misprint,Altered,Signed,Condition,Language,Proxy,Purchase price currency,Added
Kreaturen,binder,Moria Marauder,LTR,The Lord of the Rings: Tales of Middle-earth,138,normal,rare,1,83637,f33d5394-2248-4654-bec5-33b144752586,0.43,false,false,false,near_mint,en,false,EUR,2026-10-05T12:37:57.303Z
Kreaturen,binder,"The Balrog, Durin's Bane",LTR,The Lord of the Rings: Tales of Middle-earth,195,normal,rare,2,83028,416880c3-cefb-45ea-bcc3-2ec7a70c8097,0.62,false,false,false,near_mint,en,false,EUR,2026-10-05T12:37:57.304Z
Kreaturen,binder,"Gollum, Patient Plotter",LTR,The Lord of the Rings: Tales of Middle-earth,309,normal,uncommon,2,83375,a881aa61-fc7c-4ffb-a129-f75be8b2e498,0.16,false,false,false,near_mint,en,false,EUR,2026-10-05T12:37:57.305Z
Kreaturen,binder,Goblin Fireleaper,LTR,The Lord of the Rings: Tales of Middle-earth,133,normal,uncommon,1,83620,ec120dae-8c40-4053-9341-1f7774464634,0.11,false,false,false,near_mint,en,false,EUR,2026-10-05T12:37:57.307Z
Kreaturen,binder,"Éomer, Marshal of Rohan",LTR,The Lord of the Rings: Tales of Middle-earth,120,normal,rare,1,82845,0bd31ce9-9551-4efe-8bd2-b97d8efbf75e,0.34,false,false,false,near_mint,en,false,EUR,2026-10-05T12:37:57.308Z
Kreaturen,binder,Rohirrim Lancer,LTR,The Lord of the Rings: Tales of Middle-earth,146,normal,common,4,82963,2f506f9f-4c0d-44e8-9f81-8403d808d0e4,0.07,false,false,false,near_mint,en,false,EUR,2026-10-05T12:37:57.309Z
Kreaturen,binder,Westfold Rider,LTR,The Lord of the Rings: Tales of Middle-earth,37,normal,common,1,83187,71ed2e4b-c732-472a-a589-f1f53086d9ee,0.05,false,false,false,near_mint,en,false,EUR,2026-10-05T12:37:57.310Z
Kreaturen,binder,Esquire of the King,LTR,The Lord of the Rings: Tales of Middle-earth,13,normal,common,2,83503,caa6dded-ab08-43d0-b2fb-008854582cba,0.04,false,false,false,near_mint,en,false,EUR,2026-10-05T12:37:57.311Z
Kreaturen,binder,Errand-Rider of Gondor,LTR,The Lord of the Rings: Tales of Middle-earth,11,normal,common,1,83534,d3f990e7-54a3-4893-8510-645b2065447b,0.05,false,false,false,near_mint,en,false,EUR,2026-10-05T12:37:57.312Z
Kreaturen,binder,"Shadowfax, Lord of Horses",LTR,The Lord of the Rings: Tales of Middle-earth,227,normal,uncommon,1,83062,4c7d861d-7832-4c15-8d6c-8c07a9a57891,0.1,false,false,false,near_mint,en,false,EUR,2026-10-05T12:37:57.313Z
Kreaturen,binder,"Théoden, King of Rohan",LTR,The Lord of the Rings: Tales of Middle-earth,233,normal,uncommon,2,83654,f6dcd1ca-4943-46e4-bb5d-c14949e21e23,0.1,false,false,false,near_mint,en,false,EUR,2026-10-05T12:37:57.314Z
Kreaturen,binder,"Merry, Esquire of Rohan",LTR,The Lord of the Rings: Tales of Middle-earth,215,normal,rare,1,83430,b7c5fe73-1684-4edc-9f9b-976b2246d5ea,0.37,false,false,false,near_mint,en,false,EUR,2026-10-05T12:37:57.315Z
Kreaturen,binder,Tom Bombadil,LTR,The Lord of the Rings: Tales of Middle-earth,234,normal,mythic,1,82954,2ab04c49-76a1-4896-8dca-8cb4c615f489,3.14,false,false,false,near_mint,en,false,EUR,2026-10-05T12:37:57.316Z
Kreaturen,binder,Old Man Willow,LTR,The Lord of the Rings: Tales of Middle-earth,217,normal,uncommon,2,82826,0362b7c4-fff5-4bc2-b32d-913f85c23cc4,0.08,false,false,false,near_mint,en,false,EUR,2026-10-05T12:37:57.317Z
Kreaturen,binder,"Strider, Ranger of the North",LTR,The Lord of the Rings: Tales of Middle-earth,232,normal,uncommon,3,83081,54461d61-a745-467f-9fbe-b5e7a8edbdbf,0.12,false,false,false,near_mint,en,false,EUR,2026-10-05T12:37:57.318Z
Kreaturen,binder,"Gimli, Counter of Kills",LTR,The Lord of the Rings: Tales of Middle-earth,312,normal,uncommon,1,83426,b72c5bd1-cca1-4735-b4fc-7a5182fb8cd6,0.16,false,false,false,near_mint,en,false,EUR,2026-10-05T12:37:57.319Z
Kreaturen,binder,Relentless Rohirrim,LTR,The Lord of the Rings: Tales of Middle-earth,144,normal,common,3,82924,21b7606a-6a4c-4bf0-b311-1883383161d2,0.04,false,false,false,near_mint,en,false,EUR,2026-10-05T12:37:57.321Z
Kreaturen,binder,East-Mark Cavalier,LTR,The Lord of the Rings: Tales of Middle-earth,9,normal,common,2,83337,9be412c0-45d4-4856-a8cf-63a5a822dc5c,0.03,false,false,false,near_mint,en,false,EUR,2026-10-05T12:37:57.322Z
Kreaturen,binder,"Erkenbrand, Lord of Westfold",LTR,The Lord of the Rings: Tales of Middle-earth,123,normal,uncommon,2,82999,38f81e68-cddd-47f4-b1d1-a297c3298c25,0.1,false,false,false,near_mint,en,false,EUR,2026-10-05T12:37:57.323Z
Kreaturen,binder,Troll of Khazad-dûm,LTR,The Lord of the Rings: Tales of Middle-earth,111,normal,common,1,83371,a6539e26-b63b-4725-9407-caaf451de084,0.81,false,false,false,near_mint,en,false,EUR,2026-10-05T12:37:57.325Z
Kreaturen,binder,Druid of the Cowl,FDN,Foundations,554,normal,common,1,101606,db2d0ee9-865c-4fc9-8cb6-540c597e1bf4,0.34,false,false,false,near_mint,en,false,EUR,2026-10-05T12:37:57.327Z
Kreaturen,binder,"Goldberry, River-Daughter",LTR,The Lord of the Rings: Tales of Middle-earth,52,normal,rare,1,83463,bf4f0a7c-620e-4ed8-8da3-fa6564e8a0cd,0.45,false,false,false,near_mint,en,false,EUR,2026-10-05T12:37:57.331Z
Kreaturen,binder,Oliphaunt,LTR,The Lord of the Rings: Tales of Middle-earth,426,normal,common,2,83667,fa65958a-f601-472e-a9b6-42650b97fa44,0.15,false,false,false,near_mint,en,false,EUR,2026-10-05T12:37:57.334Z
Kreaturen,binder,"Fangorn, Tree Shepherd",LTR,The Lord of the Rings: Tales of Middle-earth,166,normal,rare,1,82855,0fb0f946-2127-4aa3-88ac-9bd2e94d8983,0.3,false,false,false,near_mint,en,false,EUR,2026-10-05T12:37:57.336Z
Kreaturen,binder,Llanowar Elves,FDN,Foundations,227,normal,common,3,95583,6a0b230b-d391-4998-a3f7-7b158a0ec2cd,0.21,false,false,false,near_mint,en,false,EUR,2026-10-05T12:37:57.337Z
Kreaturen,binder,Eagles of the North,LTR,The Lord of the Rings: Tales of Middle-earth,7,normal,common,1,83470,c1bd3bc0-77bd-40fe-b4f1-835a04cb6e41,0.15,false,false,false,near_mint,en,false,EUR,2026-10-05T12:37:57.338Z
Kreaturen,binder,Generous Ent,LTR,The Lord of the Rings: Tales of Middle-earth,169,normal,common,1,83258,85d22d5d-3875-42ff-b51e-c6e21db201f5,2.33,false,false,false,near_mint,en,false,EUR,2026-10-05T12:37:57.339Z
Kreaturen,binder,"Quickbeam, Upstart Ent",LTR,The Lord of the Rings: Tales of Middle-earth,419,normal,uncommon,1,83024,402d829d-9d99-48ac-9ffe-14405ec56302,0.08,false,false,false,near_mint,en,false,EUR,2026-10-05T12:37:57.341Z
Kreaturen,binder,Battle-Scarred Goblin,LTR,The Lord of the Rings: Tales of Middle-earth,115,normal,common,4,83436,b91859de-1983-4c9c-a9e6-289c7dba1eb4,0.14,false,false,false,near_mint,en,false,EUR,2026-10-05T12:37:57.298Z
Kreaturen,binder,Olog-hai Crusher,LTR,The Lord of the Rings: Tales of Middle-earth,140,normal,common,2,83476,c33bf593-62e0-491a-a31a-328bce6d8735,0.05,false,false,false,near_mint,en,false,EUR,2026-10-05T12:37:57.299Z
Kreaturen,binder,"Éowyn, Lady of Rohan",LTR,The Lord of the Rings: Tales of Middle-earth,10,normal,uncommon,3,83594,e59710c4-24de-419e-a8a0-e8392d450c23,0.09,false,false,false,near_mint,en,false,EUR,2026-10-05T12:37:57.320Z
Kreaturen,binder,Mirkwood Spider,LTR,The Lord of the Rings: Tales of Middle-earth,178,normal,common,3,83388,ad961ba1-c74f-4a44-87fe-b30e2b63e378,0.1,false,false,false,near_mint,en,false,EUR,2026-10-05T12:37:57.326Z
Kreaturen,binder,Wose Pathfinder,LTR,The Lord of the Rings: Tales of Middle-earth,190,normal,common,2,83144,6589b339-9067-4e9b-bfdb-c49f8b3ef2d4,0.05,false,false,false,near_mint,en,false,EUR,2026-10-05T12:37:57.328Z
Kreaturen,binder,Dúnedain Rangers,LTR,The Lord of the Rings: Tales of Middle-earth,159,normal,uncommon,2,83133,630e1e36-2f5d-44d4-9ff2-19ae75295016,0.07,false,false,false,near_mint,en,false,EUR,2026-10-05T12:37:57.329Z
Kreaturen,binder,Enraged Huorn,LTR,The Lord of the Rings: Tales of Middle-earth,162,normal,common,2,83383,a9b48836-6d37-46eb-8c41-a3eeecc72ae1,0.06,false,false,false,near_mint,en,false,EUR,2026-10-05T12:37:57.333Z
Kreaturen,binder,Battle-Rattle Shaman,FDN,Foundations,533,normal,uncommon,1,101632,fee05f7e-d4da-4a72-8140-d505eecbdd32,0.13,false,false,false,near_mint,en,false,EUR,2026-10-05T13:15:52.120Z
Kreaturen,binder,Swab Goblin,FDN,Foundations,548,normal,common,1,101565,8db11970-74c2-463d-88bb-9f88aa079eaa,0.05,false,false,false,near_mint,en,false,EUR,2026-10-05T13:15:52.121Z
Kreaturen,binder,Firespitter Whelp,FDN,Foundations,197,normal,uncommon,1,100463,4b3a4c7d-3126-4bde-9dca-cb6a1e2f37c9,0.15,false,false,false,near_mint,en,false,EUR,2026-10-05T13:15:52.122Z
Kreaturen,binder,Rapacious Dragon,TDC,Tarkir: Dragonstorm Commander,229,normal,uncommon,2,104453,1098504a-977a-4733-a1ee-086461113a84,0.14,false,false,false,near_mint,en,false,EUR,2026-10-05T13:15:52.123Z
Kreaturen,binder,Dragonlord's Servant,TDC,Tarkir: Dragonstorm Commander,210,normal,uncommon,2,104924,be6fa0dc-74e7-4fad-9bdd-8e986612577a,0.26,false,false,false,near_mint,en,false,EUR,2026-10-05T13:15:52.124Z
Kreaturen,binder,Terror of Mount Velus,FDN,Foundations,549,normal,rare,1,101500,3959a6c7-d615-4524-b94d-65f4164a2656,1.0,false,false,false,near_mint,en,false,EUR,2026-10-05T13:15:52.125Z
Kreaturen,binder,Fire Elemental,FDN,Foundations,538,normal,common,1,101607,dc506f58-048d-49cc-ad8c-2eb851b08bb6,0.13,false,false,false,near_mint,en,false,EUR,2026-10-05T13:15:52.126Z
Kreaturen,binder,Kargan Dragonrider,FDN,Foundations,541,normal,common,1,101543,701aef07-4291-4dfd-b9b2-bfc26745341c,0.14,false,false,false,near_mint,en,false,EUR,2026-10-05T13:15:52.127Z
Kreaturen,binder,Skyraker Giant,FDN,Foundations,547,normal,common,1,101526,5e3fbafb-e915-43eb-8a68-245840ba73ff,0.1,false,false,false,near_mint,en,false,EUR,2026-10-05T13:15:52.128Z
Kreaturen,binder,Corsair Captain,FDN,Foundations,506,normal,rare,1,101181,d5017dbc-07fd-45ea-9629-7c584144e8be,0.3,false,false,false,near_mint,en,false,EUR,2026-10-05T13:15:52.129Z
Kreaturen,binder,Skyship Buccaneer,FDN,Foundations,50,normal,uncommon,1,100587,62958fc3-55dc-4b97-a070-490d6ed27820,0.05,false,false,false,near_mint,en,false,EUR,2026-10-05T13:15:52.130Z
Kreaturen,binder,Brineborn Cutthroat,FDN,Foundations,152,normal,uncommon,1,100986,acf7aafb-931f-49e5-8691-eab8cb34b05e,0.09,false,false,false,near_mint,en,false,EUR,2026-10-05T13:15:52.131Z
Kreaturen,binder,Storm Fleet Spy,FDN,Foundations,515,normal,uncommon,1,101367,f6c5206e-63db-44c0-86ab-f645cd358b3b,0.2,false,false,false,near_mint,en,false,EUR,2026-10-05T13:15:52.132Z
Kreaturen,binder,Kitesail Corsair,FDN,Foundations,510,normal,common,1,101125,c82d7c6d-523c-46c9-a189-44c0bd8386d1,0.19,false,false,false,near_mint,en,false,EUR,2026-10-05T13:15:52.133Z
Kreaturen,binder,Bigfin Bouncer,FDN,Foundations,31,normal,common,1,100882,9b1d5b76-b07e-45c6-800d-4cfce085164f,0.06,false,false,false,near_mint,en,false,EUR,2026-10-05T13:15:52.134Z
Kreaturen,binder,Spectral Sailor,FDN,Foundations,164,normal,uncommon,1,100100,03a49535-c5f3-4a6f-b333-7ac7bffdc9ae,0.12,false,false,false,near_mint,en,false,EUR,2026-10-05T13:15:52.135Z
Kreaturen,binder,Tolarian Terror,FDN,Foundations,167,normal,common,1,100270,2569d4f3-55ed-4f99-9592-34c7df0aab72,0.21,false,false,false,near_mint,en,false,EUR,2026-10-05T13:15:52.136Z
Kreaturen,binder,Icewind Elemental,FDN,Foundations,42,normal,common,1,101629,fd0eba76-3829-408b-828f-0b223c884728,0.04,false,false,false,near_mint,en,false,EUR,2026-10-05T13:15:52.137Z
Kreaturen,binder,Erudite Wizard,FDN,Foundations,37,normal,common,1,100835,9273c417-0fcd-4273-b24e-afff76336d0c,0.08,false,false,false,near_mint,en,false,EUR,2026-10-05T13:15:52.138Z
Kreaturen,binder,Exclusion Mage,FDN,Foundations,508,normal,uncommon,1,101531,62c8024e-490a-484a-bcee-da7728a64a1f,0.17,false,false,false,near_mint,en,false,EUR,2026-10-05T13:15:52.139Z
Kreaturen,binder,Mischievous Mystic,FDN,Foundations,47,normal,uncommon,1,100242,20d89cec-528b-4b2a-87db-e11ce0000622,0.18,false,false,false,near_mint,en,false,EUR,2026-10-05T13:15:52.140Z
Kreaturen,binder,Clinquant Skymage,FDN,Foundations,33,normal,uncommon,1,100357,36012810-0e83-4640-8ba7-7262229f1b84,0.09,false,false,false,near_mint,en,false,EUR,2026-10-05T13:15:52.141Z
Kreaturen,binder,Mystic Archaeologist,FDN,Foundations,511,normal,rare,1,101586,c069ff32-6759-48a2-8674-4f729c91dcd0,0.14,false,false,false,near_mint,en,false,EUR,2026-10-05T13:15:52.142Z
Kreaturen,binder,Burrog Befuddler,FDN,Foundations,504,normal,common,1,101589,c5f11ea2-cd4c-417a-804c-3df80d9ddd5f,0.14,false,false,false,near_mint,en,false,EUR,2026-10-05T13:15:52.143Z
Kreaturen,binder,Vengeful Bloodwitch,FDN,Foundations,76,normal,uncommon,1,97189,bd0c12dd-f138-45c0-9614-d83a1d8e8399,0.27,false,false,false,near_mint,en,false,EUR,2026-10-05T13:15:52.144Z
Kreaturen,binder,Vampire Spawn,FDN,Foundations,532,normal,common,1,97187,b6fc8d2e-ad63-498d-83b6-5f72b5ae0e67,0.14,false,false,false,near_mint,en,false,EUR,2026-10-05T13:15:52.145Z
Kreaturen,binder,Crossway Troublemakers,FDN,Foundations,518,normal,rare,1,97167,03a5e19c-4cb8-4bd7-923c-4db747dc6ca3,0.39,false,false,false,near_mint,en,false,EUR,2026-10-05T13:15:52.146Z
Kreaturen,binder,Highborn Vampire,FDN,Foundations,522,normal,common,1,97177,53c56a23-eb4f-4be1-ada9-1ad5b80195d3,0.07,false,false,false,near_mint,en,false,EUR,2026-10-05T13:15:52.147Z
Kreaturen,binder,Vampire Interloper,FDN,Foundations,530,normal,common,1,97179,65455d94-487c-4104-a1a0-149515a90eaa,0.12,false,false,false,near_mint,en,false,EUR,2026-10-05T13:15:52.148Z
Kreaturen,binder,Stromkirk Bloodthief,FDN,Foundations,185,normal,uncommon,1,97176,485d6a5a-2054-47d5-91b8-71ce308ed4dc,0.05,false,false,false,near_mint,en,false,EUR,2026-10-05T13:15:52.149Z
Kreaturen,binder,Vampire Neonate,FDN,Foundations,531,normal,common,1,97182,86d64a1d-cda4-4c76-8d58-ccab5a6859a0,0.11,false,false,false,near_mint,en,false,EUR,2026-10-05T13:15:52.150Z
Kreaturen,binder,Bloodtithe Collector,FDN,Foundations,516,normal,uncommon,1,97193,ff16d951-dd85-4d22-9505-ce6e2eaf47cf,0.15,false,false,false,near_mint,en,false,EUR,2026-10-05T13:15:52.151Z
Kreaturen,binder,Crow of Dark Tidings,FDN,Foundations,519,normal,common,1,100307,2cd74e93-064a-42d7-8e6e-c413912a08cd,0.17,false,false,false,near_mint,en,false,EUR,2026-10-05T13:15:52.152Z
Kreaturen,binder,Hungry Ghoul,FDN,Foundations,62,normal,common,1,100701,790f9433-7565-4f7f-88e8-8af762ea0296,0.08,false,false,false,near_mint,en,false,EUR,2026-10-05T13:15:52.153Z
Kreaturen,binder,Maalfeld Twins,FDN,Foundations,523,normal,uncommon,1,101087,c166df8f-9508-427a-8ec7-bc8541b6ed88,0.15,false,false,false,near_mint,en,false,EUR,2026-10-05T13:15:52.154Z
Kreaturen,binder,Skeleton Archer,FDN,Foundations,526,normal,common,1,100708,7a959048-0d8a-41bb-8a33-52264e525085,0.14,false,false,false,near_mint,en,false,EUR,2026-10-05T13:15:52.155Z
Kreaturen,binder,Death Baron,FDN,Foundations,521,normal,rare,1,100345,34a27142-cf45-4164-9e10-373e5c8bf7c6,2.73,false,false,false,near_mint,en,false,EUR,2026-10-05T13:15:52.156Z
Kreaturen,binder,Diregraf Ghoul,FDN,Foundations,171,normal,uncommon,1,100439,4682012c-d7e0-4257-b538-3de497507464,0.06,false,false,false,near_mint,en,false,EUR,2026-10-05T13:15:52.157Z
Kreaturen,binder,Reassembling Skeleton,TDC,Tarkir: Dragonstorm Commander,195,normal,uncommon,1,104627,4d431445-d7db-4ce1-b422-41494d9be1b4,0.23,false,false,false,near_mint,en,false,EUR,2026-10-05T13:15:52.158Z
Kreaturen,binder,Suspicious Shambler,FDN,Foundations,527,normal,common,1,100393,3d2c5345-eb55-4bca-9183-b4e1404405f8,0.05,false,false,false,near_mint,en,false,EUR,2026-10-05T13:15:52.159Z
Kreaturen,binder,Twinblade Paladin,FDN,Foundations,503,normal,uncommon,1,101523,5cd9e73d-de8d-486f-bbbd-a2f5d3f8f686,0.49,false,false,false,near_mint,en,false,EUR,2026-10-05T13:15:52.160Z
Kreaturen,binder,Ingenious Leonin,FDN,Foundations,495,normal,uncommon,1,97192,ea566679-4202-4076-9314-142241485f6e,0.08,false,false,false,near_mint,en,false,EUR,2026-10-05T13:15:52.161Z
Kreaturen,binder,Felidar Savior,FDN,Foundations,12,normal,common,1,97191,cd092b14-d72f-4de0-8f19-1338661b9e3b,0.09,false,false,false,near_mint,en,false,EUR,2026-10-05T13:15:52.162Z
Kreaturen,binder,Jazal Goldmane,FDN,Foundations,497,normal,rare,1,97178,5aa8f635-c638-4207-8631-f6b5185f8696,0.17,false,false,false,near_mint,en,false,EUR,2026-10-05T13:15:52.163Z
Kreaturen,binder,Helpful Hunter,FDN,Foundations,16,normal,common,1,97172,1b9a0e91-80b5-428f-8f08-931d0631be14,0.17,false,false,false,near_mint,en,false,EUR,2026-10-05T13:15:52.164Z
Kreaturen,binder,Savannah Lions,FDN,Foundations,146,normal,uncommon,1,97184,9c9ac1bc-cdf3-4fa6-8319-a7ea164e9e47,0.11,false,false,false,near_mint,en,false,EUR,2026-10-05T13:15:52.165Z
Kreaturen,binder,Leonin Skyhunter,FDN,Foundations,498,normal,uncommon,1,97173,218e0009-5f11-4348-97b8-4bc7b41f80b8,0.18,false,false,false,near_mint,en,false,EUR,2026-10-05T13:15:52.166Z
Kreaturen,binder,Prideful Parent,FDN,Foundations,21,normal,common,1,97188,b742117a-8a72-43b9-b05d-274829d138a2,0.11,false,false,false,near_mint,en,false,EUR,2026-10-05T13:15:52.167Z
Kreaturen,binder,Leonin Vanguard,FDN,Foundations,499,normal,uncommon,1,97171,17b25850-f1bd-4410-beec-603b2a77f264,0.67,false,false,false,near_mint,en,false,EUR,2026-10-05T13:15:52.168Z
Kreaturen,binder,Dazzling Angel,FDN,Foundations,9,normal,common,1,101468,027dc444-e544-4693-8653-3dcdda530162,0.1,false,false,false,near_mint,en,false,EUR,2026-10-05T13:15:52.169Z
Kreaturen,binder,Herald of Faith,FDN,Foundations,494,normal,uncommon,1,101514,5579f35b-b3d2-4342-a52b-ae36b579d044,0.17,false,false,false,near_mint,en,false,EUR,2026-10-05T13:15:52.170Z
Kreaturen,binder,Ancestor Dragon,FDN,Foundations,489,normal,rare,1,101610,df43d9d4-3fef-4a56-8b38-d52824117201,0.6,false,false,false,near_mint,en,false,EUR,2026-10-05T13:15:52.171Z
Kreaturen,binder,Bishop's Soldier,FDN,Foundations,491,normal,common,1,101478,16dfd7b3-6d01-4e98-aec3-b27e8e2444e8,0.15,false,false,false,near_mint,en,false,EUR,2026-10-05T13:15:52.172Z
Kreaturen,binder,Hinterland Sanctifier,FDN,Foundations,730,normal,common,1,101532,632df69e-6377-43d0-bba5-65518a320aa5,0.23,false,false,false,near_mint,en,false,EUR,2026-10-05T13:15:52.173Z
Kreaturen,binder,Dunland Crebain,LTR,The Lord of the Rings: Tales of Middle-earth,411,normal,common,1,83634,f1b90963-2a4c-4e0a-9d00-5d3df258c880,0.05,false,false,false,near_mint,en,false,EUR,2026-10-05T13:56:36.658Z
Kreaturen,binder,Dunland Crebain,LTR,The Lord of the Rings: Tales of Middle-earth,82,normal,common,2,83160,695c05ab-e46e-46c7-bd2e-ef0b2307e449,0.05,false,false,false,near_mint,en,false,EUR,2026-10-05T13:56:36.659Z
Kreaturen,binder,Easterling Vanguard,LTR,The Lord of the Rings: Tales of Middle-earth,83,foil,common,1,83607,e860dd40-07c5-47c3-92a8-1ee95a953c2f,0.14,false,false,false,near_mint,en,false,EUR,2026-10-05T13:56:36.662Z
Kreaturen,binder,Haunt of the Dead Marshes,LTR,The Lord of the Rings: Tales of Middle-earth,90,normal,common,1,83151,673c6c12-2513-4d1b-acf0-6a1f741d49dd,0.1,false,false,false,near_mint,en,false,EUR,2026-10-05T13:56:36.663Z
Kreaturen,binder,Mirkwood Bats,LTR,The Lord of the Rings: Tales of Middle-earth,421,normal,common,1,83265,882747f9-b4fe-42be-8fe9-f871cd0779bd,0.45,false,false,false,near_mint,en,false,EUR,2026-10-05T13:56:36.664Z
Kreaturen,binder,Voracious Fell Beast,LTR,The Lord of the Rings: Tales of Middle-earth,422,normal,uncommon,1,83542,d6ce6be0-ebfe-4d50-87c6-8c1fc7536f1f,0.11,false,false,false,near_mint,en,false,EUR,2026-10-05T13:56:36.667Z
Kreaturen,binder,Voracious Fell Beast,LTR,The Lord of the Rings: Tales of Middle-earth,422,foil,uncommon,1,83542,d6ce6be0-ebfe-4d50-87c6-8c1fc7536f1f,0.18,false,false,false,near_mint,en,false,EUR,2026-10-05T13:56:36.668Z
Kreaturen,binder,Nazgûl,LTR,The Lord of the Rings: Tales of Middle-earth,100,normal,uncommon,1,83245,833936c6-9381-4c0b-a81c-4a938be95040,22.38,false,false,false,near_mint,en,false,EUR,2026-10-05T13:56:36.669Z
Kreaturen,binder,Daring Saboteur,LCC,The Lost Caverns of Ixalan Commander,151,normal,uncommon,1,88553,66483d05-444a-4710-97fa-7b7481b4a420,0.14,false,false,false,near_mint,en,false,EUR,2026-10-05T13:56:36.670Z
Kreaturen,binder,Skaab Goliath,CMR,Commander Legends,97,normal,common,1,56211,d151fe63-3b3a-4cd4-9a2d-d80e7434e63c,0.02,false,false,false,near_mint,en,false,EUR,2026-10-05T13:56:36.671Z
Kreaturen,binder,Court Street Denizen,CMR,Commander Legends,17,normal,common,1,55881,c45b1d32-5a3a-4ec3-af11-d0ba947de175,0.21,false,false,false,near_mint,en,false,EUR,2026-10-05T13:56:36.672Z
Kreaturen,binder,"Okoye, Dora Milaje Leader",MSH,Marvel Super Heroes,27,normal,uncommon,1,113602,2c89acf5-20f0-4441-b96f-2c5cacd685fb,0.09,false,false,false,near_mint,en,false,EUR,2026-10-05T13:56:36.673Z
Kreaturen,binder,"Moonstone, Harsh Mistress",MSH,Marvel Super Heroes,107,normal,uncommon,1,113565,1a1b2bd0-e17d-4b34-a8ee-7c913a6bc945,0.12,false,false,false,near_mint,en,false,EUR,2026-10-05T13:56:36.674Z
Kreaturen,binder,"Niv-Mizzet, Ghost Counsel",FRC,Reality Fracture Commander,10,normal,rare,1,116839,0ad0e168-ac5c-4e1b-83f2-0488067a58d7,3.12,false,false,false,near_mint,en,false,EUR,2026-10-05T13:56:36.675Z
Kreaturen,binder,"Akroma, Angel of Fury",FRC,Reality Fracture Commander,19,normal,mythic,1,116860,2b5ac7bd-3788-4c8b-b945-c1105986807a,0.38,false,false,false,near_mint,en,false,EUR,2026-10-05T13:56:36.676Z
Kreaturen,binder,"Omnath, Locus of the Void",FRC,Reality Fracture Commander,3,normal,rare,1,116888,727511d8-be1a-4c2e-92f6-5cc9d67a2b0c,2.85,false,false,false,near_mint,en,false,EUR,2026-10-05T13:56:36.677Z
Kreaturen,binder,"Ginger, Queen of Sweets",FRC,Reality Fracture Commander,14,normal,rare,1,116966,f4ff6bf9-89a9-4c2a-84a2-d4ceb7168adf,0.27,false,false,false,near_mint,en,false,EUR,2026-10-05T13:56:36.678Z
Kreaturen,binder,"Dack Fayden, Helping Hand",FRC,Reality Fracture Commander,4,normal,rare,1,116922,b0db02cb-d029-46d5-9df2-dee980047758,0.22,false,false,false,near_mint,en,false,EUR,2026-10-05T13:56:36.679Z
Kreaturen,binder,"Dáin, Lord of the Iron Hills",HOB,The Hobbit,8,normal,uncommon,1,115213,99d27749-d16c-45e9-accc-6a01351c17f9,0.13,false,false,false,near_mint,en,false,EUR,2026-10-05T13:56:36.680Z
Kreaturen,binder,Volley Veteran,FDN,Foundations,550,normal,uncommon,1,101555,7fc914fe-e699-4a21-aa09-f3573d020b87,0.12,false,false,false,near_mint,en,false,EUR,2026-10-05T13:56:36.681Z
Kreaturen,binder,Raging Redcap,FDN,Foundations,543,normal,common,1,101569,9627b0a7-bda9-44df-81c9-aa70cc976331,0.14,false,false,false,near_mint,en,false,EUR,2026-10-05T13:56:36.682Z
Kreaturen,binder,Goblin Smuggler,FDN,Foundations,540,normal,common,1,101518,5837ccf1-9bac-4afb-bcc9-82c5f3c0e8e2,0.11,false,false,false,near_mint,en,false,EUR,2026-10-05T13:56:36.683Z
Kreaturen,binder,Dropkick Bomber,FDN,Foundations,537,normal,rare,1,101583,b44f758e-716a-408e-96d4-b58403591c2a,1.67,false,false,false,near_mint,en,false,EUR,2026-10-05T13:56:36.684Z
Kreaturen,binder,Frenzied Goblin,FDN,Foundations,199,normal,uncommon,1,101602,d5592573-2889-40b1-b1d5-c2802482549a,0.06,false,false,false,near_mint,en,false,EUR,2026-10-05T13:56:36.685Z
Kreaturen,binder,Wildwood Scourge,FDN,Foundations,236,normal,uncommon,1,100359,36359fb6-fb8c-4382-8555-e348422f116c,0.12,false,false,false,near_mint,en,false,EUR,2026-10-05T13:56:36.686Z
Kreaturen,binder,Magnigoth Sentry,FDN,Foundations,556,normal,common,1,101517,5624e610-c4c0-4103-a32b-0f1264030a7a,0.11,false,false,false,near_mint,en,false,EUR,2026-10-05T13:56:36.687Z
Kreaturen,binder,Mild-Mannered Librarian,FDN,Foundations,228,normal,uncommon,1,100515,5389663a-fe25-41b9-8c92-1f4d7721ffc2,0.04,false,false,false,near_mint,en,false,EUR,2026-10-05T13:56:36.688Z
Kreaturen,binder,Thrashing Brontodon,FDN,Foundations,560,normal,uncommon,1,101519,592364bf-68b5-4ea0-97d6-c7cadce940fd,0.24,false,false,false,near_mint,en,false,EUR,2026-10-05T13:56:36.689Z
Kreaturen,binder,Aggressive Mammoth,FDN,Foundations,551,normal,rare,1,101550,7724b978-999b-4654-96f3-58e28aa7cb34,0.36,false,false,false,near_mint,en,false,EUR,2026-10-05T13:56:36.690Z
Kreaturen,binder,Bear Cub,FDN,Foundations,552,normal,common,1,101604,d8662ebb-068b-41d2-b504-4b5854e4d4aa,0.49,false,false,false,near_mint,en,false,EUR,2026-10-05T13:56:36.691Z
Kreaturen,binder,Elvish Regrower,FDN,Foundations,104,normal,uncommon,1,100278,2694e3cd-26ed-4a10-ae55-fb84d7800253,0.09,false,false,false,near_mint,en,false,EUR,2026-10-05T13:56:36.693Z
Kreaturen,binder,Beast-Kin Ranger,FDN,Foundations,100,normal,common,1,100082,0102e0be-5783-4825-9489-713b1b1df0b2,0.1,false,false,false,near_mint,en,false,EUR,2026-10-05T13:56:36.694Z
Kreaturen,binder,Tajuru Pathwarden,FDN,Foundations,558,normal,common,1,101214,da20a0d3-2022-4dea-84c8-85adc5a974f8,0.06,false,false,false,near_mint,en,false,EUR,2026-10-05T13:56:36.695Z
Kreaturen,binder,Thornweald Archer,FDN,Foundations,559,normal,common,1,100193,189f6199-f2fe-49a5-89ca-3c4cb39fbf2b,0.13,false,false,false,near_mint,en,false,EUR,2026-10-05T13:56:36.696Z
Kreaturen,binder,Wildheart Invoker,FDN,Foundations,561,normal,common,1,100581,60f42969-bb5c-4183-8bd3-ba87f008391d,0.14,false,false,false,near_mint,en,false,EUR,2026-10-05T13:56:36.697Z
Kreaturen,binder,Elvish Archdruid,FDN,Foundations,219,normal,rare,1,100341,341da856-7414-403b-b2e3-4bebd58a5aa4,0.63,false,false,false,near_mint,en,false,EUR,2026-10-05T13:56:36.698Z
Kreaturen,binder,Fanatical Firebrand,FDN,Foundations,195,normal,common,1,101598,d1296316-7781-4e98-95e6-7020648be6a5,0.17,false,false,false,near_mint,en,false,EUR,2026-10-05T13:56:36.699Z
Kreaturen,binder,Rayblade Trooper,EOE,Edge of Eternities,30,normal,uncommon,1,107535,c08c7bf9-a2ed-45c6-8b48-15122d9d9e37,0.06,false,false,false,near_mint,en,false,EUR,2026-10-05T13:56:36.700Z
Kreaturen,binder,Meltstrider Eulogist,EOE,Edge of Eternities,197,normal,uncommon,1,107563,df61aa0c-effc-4d57-be19-876a82c41d33,0.14,false,false,false,near_mint,en,false,EUR,2026-10-05T13:56:36.701Z
Kreaturen,binder,Vampire Slayer,VOW,Innistrad: Crimson Vow,43,normal,common,1,64363,a8f6f03b-5a4e-4532-9c9e-24c75df2769f,0.04,false,false,false,near_mint,en,false,EUR,2026-10-05T13:56:36.702Z
Kreaturen,binder,Militia Rallier,VOW,Innistrad: Crimson Vow,24,normal,common,1,64206,51b3ff40-3185-4369-985e-17613bb6ad22,0.04,false,false,false,near_mint,en,false,EUR,2026-10-05T13:56:36.703Z
Kreaturen,binder,Krosan Tusker,CMM,Commander Masters,302,normal,common,1,84023,0a368f72-cc88-4f32-aad4-22d92c4d032d,0.07,false,false,false,near_mint,en,false,EUR,2026-10-05T13:56:36.704Z
Kreaturen,binder,Unruly Mob,MID,Innistrad: Midnight Hunt,40,normal,common,1,63266,5f48622a-abf3-407f-921f-77c29d59ba8e,0.04,false,false,false,near_mint,en,false,EUR,2026-10-05T13:56:36.705Z
Kreaturen,binder,Ajani's Pridemate,FDN,Foundations,135,normal,uncommon,1,100255,222c1a68-e34c-4103-b1be-17d4ceaef6ce,0.14,false,false,false,near_mint,en,false,EUR,2026-10-05T13:56:36.709Z
Kreaturen,binder,Inspiring Overseer,FDN,Foundations,496,normal,common,1,101588,c3e9aa54-e5d5-4cbb-9d2a-263b9eba398f,0.12,false,false,false,near_mint,en,false,EUR,2026-10-05T13:56:36.710Z
Kreaturen,binder,Makeshift Mauler,INR,Innistrad Remastered,73,normal,common,1,102511,404c6bb8-4c64-458f-a4aa-98beb2c6a77c,0.06,false,false,false,near_mint,en,false,EUR,2026-10-05T13:56:36.712Z
Kreaturen,binder,Archmage of Runes,FDN,Foundations,30,normal,rare,1,100339,334b5018-2da9-49f1-9d09-83d312ecfb02,3.7,false,false,false,near_mint,en,false,EUR,2026-10-05T13:56:36.713Z
Kreaturen,binder,Rune-Sealed Wall,FDN,Foundations,49,normal,uncommon,1,101212,da0f147b-95ed-4f32-9b46-6a633ae31976,0.08,false,false,false,near_mint,en,false,EUR,2026-10-05T13:56:36.714Z
Kreaturen,binder,Resolute Reinforcements,FDN,Foundations,145,normal,uncommon,1,100841,940f3989-77cc-49a9-92e0-095a75d80f0f,0.2,false,false,false,near_mint,en,false,EUR,2026-10-05T13:56:36.715Z
Kreaturen,binder,Soul-Shackled Zombie,FDN,Foundations,70,normal,common,1,101609,deea5690-6eb2-4353-b917-cbbf840e4e71,0.03,false,false,false,near_mint,en,false,EUR,2026-10-05T13:56:36.716Z
Kreaturen,binder,Ambush Wolf,FDN,Foundations,98,normal,common,1,101492,2903832c-318e-42ab-bf58-c682ec2f7afd,0.1,false,false,false,near_mint,en,false,EUR,2026-10-05T13:56:36.717Z
Kreaturen,binder,Vampire Soulcaller,FDN,Foundations,75,normal,common,1,101495,2d076293-3b45-4878-8f67-978927cc1f68,0.09,false,false,false,near_mint,en,false,EUR,2026-10-05T13:56:36.718Z
Kreaturen,binder,Lightshell Duo,FDN,Foundations,157,normal,common,1,101063,bb75315c-ea8f-4eb0-899e-c73ef75fc396,0.06,false,false,false,near_mint,en,false,EUR,2026-10-05T13:56:36.719Z
Kreaturen,binder,Mocking Sprite,FDN,Foundations,159,normal,common,1,101624,f6792f63-b651-497d-8aa5-cddf4cedeca8,0.03,false,false,false,near_mint,en,false,EUR,2026-10-05T13:56:36.720Z
Kreaturen,binder,Samwise the Stouthearted,LTR,The Lord of the Rings: Tales of Middle-earth,306,normal,uncommon,1,83041,44c6a273-9307-432a-96f5-3e536da70f95,0.11,false,false,false,near_mint,en,false,EUR,2026-10-05T13:56:36.721Z
Kreaturen,binder,Meriadoc Brandybuck,LTR,The Lord of the Rings: Tales of Middle-earth,314,normal,uncommon,1,83680,ff7cea33-4d46-450a-a54e-b8d70910eee8,0.13,false,false,false,near_mint,en,false,EUR,2026-10-05T13:56:36.722Z
Kreaturen,binder,Cat Collector,FDN,Foundations,4,normal,uncommon,1,100507,526fe356-bff1-4211-9e88-bf913ac76b1d,0.15,false,false,false,near_mint,en,false,EUR,2026-10-05T13:56:36.723Z
Kreaturen,binder,Frodo Baggins,LTR,The Lord of the Rings: Tales of Middle-earth,320,normal,uncommon,1,83196,741a266c-b2e9-4981-93ef-843cea95ca76,0.11,false,false,false,near_mint,en,false,EUR,2026-10-05T13:56:36.725Z
Kreaturen,binder,Brandywine Farmer,LTR,The Lord of the Rings: Tales of Middle-earth,155,normal,common,1,82904,1c24b5fa-506d-4eaf-881b-bc282c74a16c,0.04,false,false,false,near_mint,en,false,EUR,2026-10-05T13:56:36.727Z
Kreaturen,binder,Peregrin Took,LTR,The Lord of the Rings: Tales of Middle-earth,315,normal,uncommon,1,83673,fbbdd288-83ec-4be9-b55f-17771fd5ecc4,0.2,false,false,false,near_mint,en,false,EUR,2026-10-05T13:56:36.728Z
Kreaturen,binder,Shire Shirriff,LTR,The Lord of the Rings: Tales of Middle-earth,441,normal,uncommon,1,82861,11b50fec-28e0-4eaf-9184-73cc7234577f,0.1,false,false,false,near_mint,en,false,EUR,2026-10-05T13:56:36.729Z
Kreaturen,binder,"Butterbur, Bree Innkeeper",LTR,The Lord of the Rings: Tales of Middle-earth,197,normal,uncommon,1,83640,f3fd9ff1-278b-4e6a-b30b-90250d8b5762,0.06,false,false,false,near_mint,en,false,EUR,2026-10-05T13:56:36.730Z
Kreaturen,binder,Shire Scarecrow,LTR,The Lord of the Rings: Tales of Middle-earth,249,normal,common,1,83421,b60b4f2e-ff47-4762-a803-30e81b665c09,0.07,false,false,false,near_mint,en,false,EUR,2026-10-05T13:56:36.732Z
Kreaturen,binder,Eastfarthing Farmer,LTR,The Lord of the Rings: Tales of Middle-earth,8,normal,common,1,82944,26bb65ba-d605-4b79-a700-4a08ec5a90b4,0.07,false,false,false,near_mint,en,false,EUR,2026-10-05T13:56:36.734Z
Kreaturen,binder,Bill the Pony,LTR,The Lord of the Rings: Tales of Middle-earth,3,normal,uncommon,2,83328,9ac68519-ed7f-4f38-9549-c02975f88eed,0.08,false,false,false,near_mint,en,false,EUR,2026-10-05T13:56:36.735Z
Kreaturen,binder,Rosie Cotton of South Lane,LTR,The Lord of the Rings: Tales of Middle-earth,440,normal,uncommon,2,83100,5a56cbc2-6fc2-4443-90fe-59acd526f562,0.17,false,false,false,near_mint,en,false,EUR,2026-10-05T13:56:36.736Z
Kreaturen,binder,Shire Shirriff,LTR,The Lord of the Rings: Tales of Middle-earth,30,normal,uncommon,1,83039,444b687f-2571-4c55-a497-d24b9e18bc0f,0.08,false,false,false,near_mint,en,false,EUR,2026-10-05T13:56:36.737Z
Kreaturen,binder,Nimble Hobbit,LTR,The Lord of the Rings: Tales of Middle-earth,23,normal,common,1,83479,c4cd0756-7bf3-4cb6-9687-1f9346b0bb92,0.04,false,false,false,near_mint,en,false,EUR,2026-10-05T13:56:36.739Z
Kreaturen,binder,Easterling Vanguard,LTR,The Lord of the Rings: Tales of Middle-earth,83,normal,common,2,83607,e860dd40-07c5-47c3-92a8-1ee95a953c2f,0.11,false,false,false,near_mint,en,false,EUR,2026-10-05T13:56:36.660Z
Kreaturen,binder,Snarling Warg,LTR,The Lord of the Rings: Tales of Middle-earth,109,normal,common,2,83351,a1ad561c-ccb4-480a-88a4-0555d0ef245e,0.06,false,false,false,near_mint,en,false,EUR,2026-10-05T13:56:36.665Z
Kreaturen,binder,Dwynen's Elite,FDN,Foundations,218,normal,common,2,100800,89d94c28-ea2e-4a3d-935f-6b2d9f2efc7a,0.04,false,false,false,near_mint,en,false,EUR,2026-10-05T13:56:36.692Z
Kreaturen,binder,Bag End Porter,LTR,The Lord of the Rings: Tales of Middle-earth,153,normal,common,2,83427,b7557170-39a2-49df-823e-958c3eb34801,0.05,false,false,false,near_mint,en,false,EUR,2026-10-05T13:56:36.724Z
Kreaturen,binder,Mushroom Watchdogs,LTR,The Lord of the Rings: Tales of Middle-earth,180,normal,common,3,83526,d15fd66d-fa7e-411d-9014-a56caa879d93,0.03,false,false,false,near_mint,en,false,EUR,2026-10-05T13:56:36.733Z
Kreaturen,binder,Peregrin Took,LTR,The Lord of the Rings: Tales of Middle-earth,181,normal,uncommon,1,83648,f5baee8d-88e7-4468-94a9-66ca8e2caf15,0.25,false,false,false,near_mint,en,false,EUR,2026-10-05T14:14:38.642Z
Kreaturen,binder,Meriadoc Brandybuck,LTR,The Lord of the Rings: Tales of Middle-earth,177,normal,uncommon,1,83266,885a3277-ef10-4dcf-ac63-eb8971cd627c,0.09,false,false,false,near_mint,en,false,EUR,2026-10-05T14:14:38.643Z
Kreaturen,binder,Galadhrim Guide,LTR,The Lord of the Rings: Tales of Middle-earth,168,normal,common,1,83642,f4603f59-f899-4caf-a874-bf234d2045fb,0.06,false,false,false,near_mint,en,false,EUR,2026-10-05T14:14:38.646Z
Kreaturen,binder,"Glorfindel, Dauntless Rescuer",LTR,The Lord of the Rings: Tales of Middle-earth,171,normal,uncommon,1,83444,baf7a546-8a8b-4396-ab64-9a5b9abffe79,0.08,false,false,false,near_mint,en,false,EUR,2026-10-05T14:14:38.647Z
Kreaturen,binder,"Legolas, Master Archer",LTR,The Lord of the Rings: Tales of Middle-earth,173,normal,rare,1,83379,a9405577-c1dc-48e0-b2aa-6237c569d02e,0.28,false,false,false,near_mint,en,false,EUR,2026-10-05T14:14:38.649Z
Kreaturen,binder,Celeborn the Wise,LTR,The Lord of the Rings: Tales of Middle-earth,156,normal,uncommon,1,82959,2daf449a-5f3e-44fd-968e-55d8517ae797,0.1,false,false,false,near_mint,en,false,EUR,2026-10-05T14:14:38.650Z
Kreaturen,binder,Loxodon Surveyor,DFT,Aetherdrift,167,normal,common,1,103632,cd1cecb1-6776-4495-be56-b7dde65453f1,0.07,false,false,false,near_mint,en,false,EUR,2026-10-05T14:14:38.651Z
Kreaturen,binder,Chance-Met Elves,LTR,The Lord of the Rings: Tales of Middle-earth,157,normal,common,1,82843,0aa57431-39e2-4152-8a30-1c1e8faef153,0.09,false,false,false,near_mint,en,false,EUR,2026-10-05T14:14:38.653Z
Kreaturen,binder,Soldier of the Grey Host,LTR,The Lord of the Rings: Tales of Middle-earth,32,normal,common,1,83429,b79999df-af8c-4724-9631-20eee5a00e49,0.03,false,false,false,near_mint,en,false,EUR,2026-10-05T14:14:38.655Z
Kreaturen,binder,"Faramir, Field Commander",LTR,The Lord of the Rings: Tales of Middle-earth,303,normal,uncommon,1,82815,008b953a-da2b-4c30-9424-6d6e3e938251,0.09,false,false,false,near_mint,en,false,EUR,2026-10-05T14:14:38.656Z
Kreaturen,binder,Took Reaper,LTR,The Lord of the Rings: Tales of Middle-earth,35,foil,common,1,82913,1da7fc15-f894-496e-ba18-a02d42e9bedc,0.19,false,false,false,near_mint,en,false,EUR,2026-10-05T14:14:38.657Z
Kreaturen,binder,Rosie Cotton of South Lane,LTR,The Lord of the Rings: Tales of Middle-earth,27,foil,uncommon,1,83198,75338f49-1f02-4333-87e4-5779ef14e688,0.24,false,false,false,near_mint,en,false,EUR,2026-10-05T14:14:38.658Z
Kreaturen,binder,"Landroval, Horizon Witness",LTR,The Lord of the Rings: Tales of Middle-earth,21,normal,uncommon,1,83089,5684483b-9a6a-499b-a5e1-e2815ee03cdb,0.04,false,false,false,near_mint,en,false,EUR,2026-10-05T14:14:38.659Z
Kreaturen,binder,"Faramir, Field Commander",LTR,The Lord of the Rings: Tales of Middle-earth,14,normal,uncommon,1,82889,17c2250a-9af1-40de-9f09-7e8c7daec520,0.08,false,false,false,near_mint,en,false,EUR,2026-10-05T14:14:38.663Z
Kreaturen,binder,Samwise the Stouthearted,LTR,The Lord of the Rings: Tales of Middle-earth,28,normal,uncommon,1,82922,214c270e-29ca-4d69-bea6-9252ae7707ad,0.13,false,false,false,near_mint,en,false,EUR,2026-10-05T14:14:38.664Z
Kreaturen,binder,Stalwarts of Osgiliath,LTR,The Lord of the Rings: Tales of Middle-earth,33,normal,common,1,82955,2acb8240-8e0e-4adf-a884-4986c116e704,0.09,false,false,false,near_mint,en,false,EUR,2026-10-05T14:14:38.665Z
Kreaturen,binder,Protector of Gondor,LTR,The Lord of the Rings: Tales of Middle-earth,25,normal,common,1,83256,85708748-40ca-4066-a287-7a6a189ff3df,0.05,false,false,false,near_mint,en,false,EUR,2026-10-05T14:14:38.666Z
Kreaturen,binder,Oaken Brawler,LRW,Lorwyn,33,normal,common,1,25409,e9fdb060-8f4d-453a-9516-92c390fbc85a,0.05,false,false,false,near_mint,en,false,EUR,2026-10-05T14:14:38.667Z
Kreaturen,binder,Took Reaper,LTR,The Lord of the Rings: Tales of Middle-earth,35,normal,common,1,82913,1da7fc15-f894-496e-ba18-a02d42e9bedc,0.05,false,false,false,near_mint,en,false,EUR,2026-10-05T14:14:38.668Z
Kreaturen,binder,Ioreth of the Healing House,LTR,The Lord of the Rings: Tales of Middle-earth,56,normal,uncommon,1,82827,03ab74cd-978a-49eb-9d38-bc8b472b3cef,0.13,false,false,false,near_mint,en,false,EUR,2026-10-05T14:14:38.669Z
Kreaturen,binder,Saruman the White,LTR,The Lord of the Rings: Tales of Middle-earth,67,normal,uncommon,1,82903,1bfccbab-29fa-4e92-8919-6cd4815fb655,0.1,false,false,false,near_mint,en,false,EUR,2026-10-05T14:14:38.670Z
Kreaturen,binder,Knights of Dol Amroth,LTR,The Lord of the Rings: Tales of Middle-earth,59,normal,common,1,83146,661338ff-a192-4007-a144-63d00f2e9ecb,0.06,false,false,false,near_mint,en,false,EUR,2026-10-05T14:14:38.671Z
Kreaturen,binder,"Elrond, Lord of Rivendell",LTR,The Lord of the Rings: Tales of Middle-earth,307,normal,uncommon,1,82968,308465a9-2143-49f2-b9d0-a09272dd1b62,0.1,false,false,false,near_mint,en,false,EUR,2026-10-05T14:14:38.672Z
Kreaturen,binder,Ithilien Kingfisher,LTR,The Lord of the Rings: Tales of Middle-earth,58,normal,common,1,83158,68c29762-6859-4564-9e1d-a87fa63b951a,0.03,false,false,false,near_mint,en,false,EUR,2026-10-05T14:14:38.673Z
Kreaturen,binder,Willow-Wind,LTR,The Lord of the Rings: Tales of Middle-earth,76,normal,common,1,82844,0adc3bff-0eb1-40e9-b954-5515babd07a3,0.04,false,false,false,near_mint,en,false,EUR,2026-10-05T14:14:38.674Z
Kreaturen,binder,Captain of Umbar,LTR,The Lord of the Rings: Tales of Middle-earth,45,normal,common,1,83472,c222577d-a3c7-41d9-b11b-62065bdb98ef,0.04,false,false,false,near_mint,en,false,EUR,2026-10-05T14:14:38.677Z
Kreaturen,binder,Pelargir Survivor,LTR,The Lord of the Rings: Tales of Middle-earth,64,normal,common,1,83384,aa59141a-4645-4316-b714-bbf2c139786e,0.06,false,false,false,near_mint,en,false,EUR,2026-10-05T14:14:38.678Z
Kreaturen,binder,Knights of Dol Amroth,LTR,The Lord of the Rings: Tales of Middle-earth,432,normal,common,1,82848,0c511371-97d7-47cc-934c-939dfbdd1c0b,0.1,false,false,false,near_mint,en,false,EUR,2026-10-05T14:14:38.679Z
Kreaturen,binder,"Elrond, Lord of Rivendell",LTR,The Lord of the Rings: Tales of Middle-earth,49,normal,uncommon,1,83369,a62a5e55-fa1b-4c70-9293-740dd513d52e,0.1,false,false,false,near_mint,en,false,EUR,2026-10-05T14:14:38.681Z
Kreaturen,binder,Spikeshell Harrier,DFT,Aetherdrift,65,normal,uncommon,1,103572,8f1ece22-ca32-45bb-b5f4-480f9b366cb5,0.04,false,false,false,near_mint,en,false,EUR,2026-10-05T14:14:38.682Z
Kreaturen,binder,"Gandalf, Friend of the Shire",LTR,The Lord of the Rings: Tales of Middle-earth,50,normal,uncommon,1,83510,cc9cfcc7-be64-4871-8d52-851e43fe3305,0.11,false,false,false,near_mint,en,false,EUR,2026-10-05T14:14:38.684Z
Kreaturen,binder,"Gandalf, Friend of the Shire",LTR,The Lord of the Rings: Tales of Middle-earth,308,normal,uncommon,1,83615,eae80537-f355-4aa3-8952-b08f3d1a1e41,0.12,false,false,false,near_mint,en,false,EUR,2026-10-05T14:14:38.685Z
Kreaturen,binder,Cult Healer,DSK,Duskmourn: House of Horror,2,normal,common,1,98877,9c9b8fbe-8a5e-4b62-b53f-9ead8147bbbb,0.04,false,false,false,near_mint,en,false,EUR,2026-10-05T14:14:38.690Z
Kreaturen,binder,"Quickbeam, Upstart Ent",LTR,The Lord of the Rings: Tales of Middle-earth,183,normal,uncommon,2,83434,b889037f-b95f-4756-80aa-04097d2818c3,0.09,false,false,false,near_mint,en,false,EUR,2026-10-05T14:14:38.645Z
Kreaturen,binder,Mirrormere Guardian,LTR,The Lord of the Rings: Tales of Middle-earth,179,normal,common,2,83244,8315d7cc-fc2c-45b1-8340-11ff2af3beb5,0.05,false,false,false,near_mint,en,false,EUR,2026-10-05T14:14:38.648Z
Kreaturen,binder,"Bill Ferny, Bree Swindler",LTR,The Lord of the Rings: Tales of Middle-earth,42,normal,uncommon,2,82919,20ac63cb-fa4d-4340-8062-1029c8bd5ec8,0.07,false,false,false,near_mint,en,false,EUR,2026-10-05T14:14:38.675Z
Kreaturen,binder,"Meneldor, Swift Savior",LTR,The Lord of the Rings: Tales of Middle-earth,62,normal,uncommon,2,83131,62d2ee20-abbc-4a9d-8d30-4223242123e8,0.1,false,false,false,near_mint,en,false,EUR,2026-10-05T14:14:38.676Z
Kreaturen,binder,Flowerfoot Swordmaster,TBLB,Bloomburrow Tokens,1,normal,common,4,95764,31c977b7-12cb-4e6f-8260-a7399b60940f,0.27,false,false,false,near_mint,en,false,EUR,2026-10-05T14:14:38.686Z
Kreaturen,binder,Flowerfoot Swordmaster,BLB,Bloomburrow,14,normal,uncommon,4,95812,97ff118f-9c3c-43a2-8085-980c7fe7d227,0.21,false,false,false,near_mint,en,false,EUR,2026-10-05T14:14:38.691Z
Kreaturen,binder,"Sun-Spider, Nimble Webber",SPM,Marvel's Spider-Man,154,normal,uncommon,3,108626,2b54d4a5-634f-4ae3-b592-0dc527f60d56,0.08,false,false,false,near_mint,en,false,EUR,2026-10-05T14:14:38.692Z
Kreaturen,binder,Optimistic Scavenger,DSK,Duskmourn: House of Horror,21,normal,uncommon,4,98991,9c72fc6f-6a96-420d-812d-b5cf0f57cc7f,0.18,false,false,false,near_mint,en,false,EUR,2026-10-05T14:14:38.695Z
Kreaturen,binder,Skyward Spider,SPM,Marvel's Spider-Man,146,normal,common,4,108599,f5cbb580-cd02-4c60-acb7-b7ed1f1fce59,0.12,false,false,false,near_mint,en,false,EUR,2026-10-05T14:14:38.696Z
Kreaturen,binder,"Sauron, the Dark Lord",LTR,The Lord of the Rings: Tales of Middle-earth,329,normal,mythic,1,83431,b83261ba-c239-4b6a-88eb-bdfc411916b3,20.9,false,false,false,near_mint,en,false,EUR,2026-10-05T14:21:13.025Z
Kreaturen,binder,Voracious Fell Beast,LTR,The Lord of the Rings: Tales of Middle-earth,113,normal,uncommon,1,83554,d9b7d7f8-503d-4660-9a18-6a8e2fcaa25f,0.11,false,false,false,near_mint,en,false,EUR,2026-10-05T14:39:31.749Z
Kreaturen,binder,"Mog, Moogle Warrior",FIC,Final Fantasy Commander,89,normal,rare,1,106224,e9cb8ac9-64a0-455d-a8dd-1579ee321bbd,0.25,false,false,false,near_mint,en,false,EUR,2026-10-05T14:39:31.752Z
Kreaturen,binder,"Cid, Freeflier Pilot",FIC,Final Fantasy Commander,13,normal,rare,2,106121,afa9e3e6-a633-46ad-b52a-48574b2f3d07,0.84,false,false,false,near_mint,en,false,EUR,2026-10-05T14:39:31.753Z
Kreaturen,binder,"Gollum, Patient Plotter",LTR,The Lord of the Rings: Tales of Middle-earth,84,normal,uncommon,1,83069,4ddda7d4-0226-404f-8418-f1f5720dcef8,0.09,false,false,false,near_mint,en,false,EUR,2026-10-05T14:39:31.754Z
Kreaturen,binder,"Gothmog, Morgul Lieutenant",LTR,The Lord of the Rings: Tales of Middle-earth,429,normal,uncommon,1,83055,4b9af0ce-db08-4ccf-a9f3-b7c1eea14423,0.2,false,false,false,near_mint,en,false,EUR,2026-10-05T14:39:31.757Z
Kreaturen,binder,Cirith Ungol Patrol,LTR,The Lord of the Rings: Tales of Middle-earth,80,normal,common,1,83215,7cd03837-37cc-4f6c-8e22-e3b0ff635462,0.05,false,false,false,near_mint,en,false,EUR,2026-10-05T14:39:31.760Z
Kreaturen,binder,"Bilbo, Retired Burglar",LTR,The Lord of the Rings: Tales of Middle-earth,196,normal,uncommon,1,83077,527df93e-cc2b-4216-909a-4ada1abcbfd3,0.09,false,false,false,near_mint,en,false,EUR,2026-10-05T14:39:31.765Z
Kreaturen,binder,"Saruman, the White Hand",LTC,Tales of Middle-earth Commander,8,normal,mythic,1,83139,6487ccbf-f6cd-45a6-8514-2c458b655ef2,1.01,false,false,false,near_mint,en,false,EUR,2026-10-05T14:39:31.769Z
Kreaturen,binder,"Legolas, Counter of Kills",LTR,The Lord of the Rings: Tales of Middle-earth,212,normal,uncommon,1,83496,c8bd408c-9e6d-436d-9c4f-9ef3203aeb64,0.09,false,false,false,near_mint,en,false,EUR,2026-10-05T14:39:31.770Z
Kreaturen,binder,Arwen Undómiel,LTR,The Lord of the Rings: Tales of Middle-earth,194,normal,uncommon,1,83484,c544e301-13b4-4dec-b65c-d54809bb7736,0.12,false,false,false,near_mint,en,false,EUR,2026-10-05T14:39:31.771Z
Kreaturen,binder,The Mouth of Sauron,LTR,The Lord of the Rings: Tales of Middle-earth,216,normal,uncommon,1,83201,76a88814-aa30-4297-b338-3d851bfe7256,0.07,false,false,false,near_mint,en,false,EUR,2026-10-05T14:39:31.772Z
Kreaturen,binder,Prince Imrahil the Fair,LTR,The Lord of the Rings: Tales of Middle-earth,431,normal,uncommon,1,83349,a0c9c814-df6b-4b54-a233-9bed31009bed,0.17,false,false,false,near_mint,en,false,EUR,2026-10-05T14:39:31.774Z
Kreaturen,binder,King of the Oathbreakers,LTR,The Lord of the Rings: Tales of Middle-earth,211,normal,rare,1,83509,cc857755-62e6-4d29-95f5-82f5d4bde522,0.17,false,false,false,near_mint,en,false,EUR,2026-10-05T14:39:31.776Z
Kreaturen,binder,Frodo Baggins,LTR,The Lord of the Rings: Tales of Middle-earth,205,normal,uncommon,1,83576,de1c0399-9db8-4901-b72e-0010eb9b92b0,0.1,false,false,false,near_mint,en,false,EUR,2026-10-05T14:39:31.778Z
Kreaturen,binder,"Aragorn, Company Leader",LTR,The Lord of the Rings: Tales of Middle-earth,191,normal,rare,1,83194,73ca5f48-0117-49d6-8b00-b8482e3545b3,0.29,false,false,false,near_mint,en,false,EUR,2026-10-05T14:39:31.781Z
Kreaturen,binder,"Pippin, Guard of the Citadel",LTR,The Lord of the Rings: Tales of Middle-earth,218,normal,rare,1,82840,08b7a4d8-1183-430e-8ea4-016844f33200,0.66,false,false,false,near_mint,en,false,EUR,2026-10-05T14:39:31.782Z
Kreaturen,binder,"Faramir, Prince of Ithilien",LTR,The Lord of the Rings: Tales of Middle-earth,202,normal,rare,1,83262,8700923a-e9ff-4ced-87fe-1ab26554623a,0.55,false,false,false,near_mint,en,false,EUR,2026-10-05T14:39:31.783Z
Kreaturen,binder,"Shagrat, Loot Bearer",LTR,The Lord of the Rings: Tales of Middle-earth,228,normal,rare,1,82834,0731f64a-15da-4814-82e9-3a42e1657f36,0.19,false,false,false,near_mint,en,false,EUR,2026-10-05T14:39:31.786Z
Kreaturen,binder,"Gimli, Mournful Avenger",LTR,The Lord of the Rings: Tales of Middle-earth,209,normal,rare,1,83579,df4be38c-3f93-4ff4-bff4-94753b96f2f3,0.22,false,false,false,near_mint,en,false,EUR,2026-10-05T14:39:31.792Z
Kreaturen,binder,"Faramir, Prince of Ithilien",LTR,The Lord of the Rings: Tales of Middle-earth,319,normal,rare,1,82966,2faf5eee-c378-4ddf-a172-c0a703757fff,0.4,false,false,false,near_mint,en,false,EUR,2026-10-05T14:39:31.793Z
Kreaturen,binder,Gandalf the Grey,LTR,The Lord of the Rings: Tales of Middle-earth,207,normal,rare,1,83588,e2b975e6-e709-481f-bfbc-41a832508283,0.33,false,false,false,near_mint,en,false,EUR,2026-10-05T14:39:31.796Z
Kreaturen,binder,"Grishnákh, Brash Instigator",LTR,The Lord of the Rings: Tales of Middle-earth,134,normal,uncommon,1,83136,6385e769-f805-499d-9f47-494533362152,0.11,false,false,false,near_mint,en,false,EUR,2026-10-05T14:39:31.802Z
Kreaturen,binder,Warbeast of Gorgoroth,LTR,The Lord of the Rings: Tales of Middle-earth,152,normal,common,1,83112,5eeecb9e-fbde-429b-b3da-18a4dbadf6de,0.09,false,false,false,near_mint,en,false,EUR,2026-10-05T14:39:31.803Z
Kreaturen,binder,Oliphaunt,LTR,The Lord of the Rings: Tales of Middle-earth,139,normal,common,1,83161,6989018c-37b1-4282-a4af-9cc97f160b4d,0.11,false,false,false,near_mint,en,false,EUR,2026-10-05T14:39:31.804Z
Kreaturen,binder,Haradrim Spearmaster,LTR,The Lord of the Rings: Tales of Middle-earth,135,normal,common,1,83118,6050cf98-cdce-4825-9ab8-2294a2b63faf,0.08,false,false,false,near_mint,en,false,EUR,2026-10-05T14:39:31.806Z
Kreaturen,binder,Éomer of the Riddermark,LTR,The Lord of the Rings: Tales of Middle-earth,121,normal,uncommon,1,83552,d920fcaf-4988-4186-962d-cdda25d79e7b,0.08,false,false,false,near_mint,en,false,EUR,2026-10-05T14:39:31.807Z
Kreaturen,binder,"Gimli, Counter of Kills",LTR,The Lord of the Rings: Tales of Middle-earth,129,normal,uncommon,1,82948,28b41c48-0715-49d9-98e5-e82b706da816,0.09,false,false,false,near_mint,en,false,EUR,2026-10-05T14:39:31.809Z
Kreaturen,binder,Mirkwood Bats,LTR,The Lord of the Rings: Tales of Middle-earth,95,normal,common,3,82881,15f035df-784a-4dc8-b7f5-77139a4e6e99,0.43,false,false,false,near_mint,en,false,EUR,2026-10-05T14:39:31.748Z
Kreaturen,binder,Gríma Wormtongue,LTR,The Lord of the Rings: Tales of Middle-earth,88,normal,uncommon,2,83283,8e3bd86b-e8ca-4885-a823-78fb967e6caf,0.1,false,false,false,near_mint,en,false,EUR,2026-10-05T14:39:31.755Z
Kreaturen,binder,Uruk-hai Berserker,LTR,The Lord of the Rings: Tales of Middle-earth,112,normal,common,2,83302,936421a0-2c2a-4410-941d-4e6b88166bd1,0.08,false,false,false,near_mint,en,false,EUR,2026-10-05T14:39:31.756Z
Kreaturen,binder,Gorbag of Minas Morgul,LTR,The Lord of the Rings: Tales of Middle-earth,86,normal,uncommon,2,83097,58aafdb6-1c8c-4fc4-a52e-3e601be7fb0c,0.11,false,false,false,near_mint,en,false,EUR,2026-10-05T14:39:31.758Z
Kreaturen,binder,Gwaihir the Windlord,LTR,The Lord of the Rings: Tales of Middle-earth,210,normal,uncommon,3,82897,1a42c951-1146-4f49-a690-7d385962b191,0.14,false,false,false,near_mint,en,false,EUR,2026-10-05T14:39:31.764Z
Kreaturen,binder,Prince Imrahil the Fair,LTR,The Lord of the Rings: Tales of Middle-earth,219,normal,uncommon,3,83216,7d486def-7c3f-41e9-bb28-4582450a7b9e,0.08,false,false,false,near_mint,en,false,EUR,2026-10-05T14:39:31.766Z
Kreaturen,binder,Uglúk of the White Hand,LTR,The Lord of the Rings: Tales of Middle-earth,235,normal,uncommon,2,83610,e914c7fc-be3c-4346-bf37-6e10f4998204,0.09,false,false,false,near_mint,en,false,EUR,2026-10-05T14:39:31.773Z
Kreaturen,binder,"Gandalf, Westward Voyager",LTC,Tales of Middle-earth Commander,6,normal,mythic,2,83090,56910251-6339-4f8b-b863-29caab4965d8,0.27,false,false,false,near_mint,en,false,EUR,2026-10-05T14:39:31.775Z
Kreaturen,binder,"Denethor, Ruling Steward",LTR,The Lord of the Rings: Tales of Middle-earth,198,normal,uncommon,2,83669,fa8654cf-431c-427b-b78f-0e48f6007e9e,0.09,false,false,false,near_mint,en,false,EUR,2026-10-05T14:39:31.777Z
Kreaturen,binder,"Mauhúr, Uruk-hai Captain",LTR,The Lord of the Rings: Tales of Middle-earth,214,normal,uncommon,2,83145,65e9a757-7ed4-4cc0-bb6f-a59fa69b32a5,0.13,false,false,false,near_mint,en,false,EUR,2026-10-05T14:39:31.787Z
Kreaturen,binder,Erebor Flamesmith,LTR,The Lord of the Rings: Tales of Middle-earth,122,normal,common,2,83086,552730c5-e3a6-468f-91b2-82c272dda400,0.14,false,false,false,near_mint,en,false,EUR,2026-10-05T14:39:31.801Z
Kreaturen,binder,Alisaie Leveilleur,FIC,Final Fantasy Commander,9,normal,rare,1,106137,ba96f831-02cb-4a74-a2e4-7f76444e3cd7,0.38,false,false,false,near_mint,en,false,EUR,2026-10-05T14:49:05.972Z
Kreaturen,binder,Alphinaud Leveilleur,FIC,Final Fantasy Commander,33,normal,rare,1,105966,65331e86-1ff3-45e4-b789-7afec4ca9bd5,0.34,false,false,false,near_mint,en,false,EUR,2026-10-05T14:49:05.972Z
Kreaturen,binder,Archmage Emeritus,SOC,Secrets of Strixhaven Commander,188,normal,rare,1,112154,dd547601-d650-4a02-a3a4-890bcef03a7c,1.43,false,false,false,near_mint,en,false,EUR,2026-10-05T14:49:05.972Z
Kreaturen,binder,"Ardbert, Warrior of Darkness",FIC,Final Fantasy Commander,77,normal,rare,1,106082,9fc1ac8a-bbd4-4d17-81d9-fd04876084b1,0.34,false,false,false,near_mint,en,false,EUR,2026-10-05T14:49:05.972Z
Kreaturen,binder,Baleful Strix,FIC,Final Fantasy Commander,318,normal,rare,1,105921,4ae1ec4a-5367-4663-841b-4038ae30a690,8.6,false,false,false,near_mint,en,false,EUR,2026-10-05T14:49:05.972Z
Kreaturen,binder,Emet-Selch of the Third Seat,FIC,Final Fantasy Commander,81,normal,rare,1,105734,dd3141de-633e-48e3-a89f-a91339f5e882,0.53,false,false,false,near_mint,en,false,EUR,2026-10-05T14:49:05.972Z
Kreaturen,binder,Estinien Varlineau,FIC,Final Fantasy Commander,82,normal,rare,1,105998,7812c768-8417-4689-9a51-f577c1cf5dc0,0.16,false,false,false,near_mint,en,false,EUR,2026-10-05T14:49:05.972Z
Kreaturen,binder,"Fandaniel, Telophoroi Ascian",FIC,Final Fantasy Commander,46,normal,rare,1,105811,08c9bf6c-fc52-4565-96d1-951a314e59e5,0.72,false,false,false,near_mint,en,false,EUR,2026-10-05T14:49:05.972Z
Kreaturen,binder,"G'raha Tia, Scion Reborn",FIC,Final Fantasy Commander,3,normal,mythic,1,105762,f90eb8ef-ad70-4d6c-9958-e6153f8599bc,0.36,false,false,false,near_mint,en,false,EUR,2026-10-05T14:49:05.972Z
Kreaturen,binder,"Hermes, Overseer of Elpis",FIC,Final Fantasy Commander,36,normal,rare,1,106205,e04a05e5-7bff-46a4-aae1-6713977e6e30,0.5,false,false,false,near_mint,en,false,EUR,2026-10-05T14:49:05.972Z
Kreaturen,binder,Hildibrand Manderville // Gentleman's Rise,FIC,Final Fantasy Commander,83,normal,rare,1,105627,60aed76e-2265-471d-8e41-1d8605603b78,0.26,false,false,false,near_mint,en,false,EUR,2026-10-05T14:49:05.972Z
Kreaturen,binder,Hraesvelgr of the First Brood,FIC,Final Fantasy Commander,37,normal,rare,1,106113,abcfefe3-c66d-4512-bcc3-c9a39cfbb983,0.22,false,false,false,near_mint,en,false,EUR,2026-10-05T14:49:05.972Z
Kreaturen,binder,Hypnotic Sprite // Mesmeric Glare,FIC,Final Fantasy Commander,264,normal,uncommon,1,105903,4358fcf2-e07c-4a0f-8f69-5d0f83adeb20,0.2,false,false,false,near_mint,en,false,EUR,2026-10-05T14:49:05.972Z
Kreaturen,binder,Krile Baldesion,FIC,Final Fantasy Commander,86,normal,rare,1,105832,125dd19b-98a0-49d9-a870-63214255e12a,0.21,false,false,false,near_mint,en,false,EUR,2026-10-05T14:49:05.972Z
Kreaturen,binder,Lyse Hext,FIC,Final Fantasy Commander,88,normal,rare,1,106059,97845ece-ceef-468c-a4e3-6fde1413c9f0,0.38,false,false,false,near_mint,en,false,EUR,2026-10-05T14:49:05.972Z
Kreaturen,binder,Murderous Rider // Swift End,FIC,Final Fantasy Commander,279,normal,rare,1,106195,dd239710-62ef-43b5-aea2-e82bb385744d,0.2,false,false,false,near_mint,en,false,EUR,2026-10-05T14:49:05.972Z
Kreaturen,binder,Papalymo Totolymo,FIC,Final Fantasy Commander,90,normal,rare,1,105816,0b876b1e-fcf4-4e5c-81b0-1080ac8099ed,0.13,false,false,false,near_mint,en,false,EUR,2026-10-05T14:49:05.972Z
Kreaturen,binder,Summon: Good King Mog XII,FIC,Final Fantasy Commander,26,normal,rare,1,106147,c14098d6-28ae-492f-8ffc-7d115d83ce6a,0.36,false,false,false,near_mint,en,false,EUR,2026-10-05T14:49:05.972Z
Kreaturen,binder,Tataru Taru,FIC,Final Fantasy Commander,30,normal,rare,1,106051,93176e85-2343-43a8-8578-69699b464b86,7.32,false,false,false,near_mint,en,false,EUR,2026-10-05T14:49:05.972Z
Kreaturen,binder,Thancred Waters,FIC,Final Fantasy Commander,31,normal,rare,1,106167,cc74ea74-05cf-4a33-84df-94ec34e816fe,0.2,false,false,false,near_mint,en,false,EUR,2026-10-05T14:49:05.972Z
Kreaturen,binder,Torrential Gearhulk,FIC,Final Fantasy Commander,272,normal,rare,1,106100,a6a0afd5-f3f9-459e-bd03-1a7a3521b570,0.39,false,false,false,near_mint,en,false,EUR,2026-10-05T14:49:05.972Z
Kreaturen,binder,Urianger Augurelt,FIC,Final Fantasy Commander,96,normal,rare,1,105907,44d44107-da15-41b9-8dfb-6335c1cbd83a,0.16,false,false,false,near_mint,en,false,EUR,2026-10-05T14:49:05.972Z
Kreaturen,binder,"Y'shtola, Night's Blessed",FIC,Final Fantasy Commander,7,normal,mythic,1,103803,c7f2c2d5-e052-49e8-b5de-712858c2ea78,2.75,false,false,false,near_mint,en,false,EUR,2026-10-05T14:49:12.407Z
Kreaturen,binder,Aftermath Analyst,EOC,Edge of Eternities Commander,91,normal,uncommon,1,107046,66f135b4-8cb3-4a4e-86ae-81a3cf4b7259,1.28,false,false,false,near_mint,en,false,EUR,2026-10-05T14:50:30.016Z
Kreaturen,binder,Augur of Autumn,EOC,Edge of Eternities Commander,92,normal,rare,1,107146,c09f0e1b-c13b-4e53-ab0e-c8b8a6151d82,0.48,false,false,false,near_mint,en,false,EUR,2026-10-05T14:50:30.016Z
Kreaturen,binder,Baloth Prime,EOC,Edge of Eternities Commander,13,normal,rare,1,106985,2c723fc9-d5c9-4126-a9a6-f80c247a4b6b,0.45,false,false,false,near_mint,en,false,EUR,2026-10-05T14:50:30.016Z
Kreaturen,binder,"Braids, Arisen Nightmare",EOC,Edge of Eternities Commander,82,normal,rare,1,107212,f96223d0-04c4-40c2-87a9-0c6bc74adddb,4.72,false,false,false,near_mint,en,false,EUR,2026-10-05T14:50:30.016Z
Kreaturen,binder,Centaur Vinecrasher,EOC,Edge of Eternities Commander,94,normal,rare,1,107167,cf8712ba-574b-4e53-9c7e-0a1465116320,0.12,false,false,false,near_mint,en,false,EUR,2026-10-05T14:50:30.016Z
Kreaturen,binder,Eumidian Wastewaker,EOC,Edge of Eternities Commander,8,normal,rare,1,107005,3ee18d18-0167-4caa-adad-9d4435689c80,0.21,false,false,false,near_mint,en,false,EUR,2026-10-05T14:50:30.016Z
Kreaturen,binder,Evendo Brushrazer,EOC,Edge of Eternities Commander,10,normal,rare,1,107086,8b9001a4-953c-4a32-b51a-c6bec7e74f9e,0.36,false,false,false,near_mint,en,false,EUR,2026-10-05T14:50:30.016Z
Kreaturen,binder,God-Eternal Bontu,EOC,Edge of Eternities Commander,83,normal,mythic,1,106958,142b0860-8a82-4830-a4ff-2bbfc102437e,0.42,false,false,false,near_mint,en,false,EUR,2026-10-05T14:50:30.016Z
Kreaturen,binder,Groundskeeper,EOC,Edge of Eternities Commander,97,normal,uncommon,1,106988,30444f88-5a7e-46bc-ab0c-17e62fae2457,0.17,false,false,false,near_mint,en,false,EUR,2026-10-05T14:50:30.016Z
Kreaturen,binder,"Hearthhull, the Worldseed",EOC,Edge of Eternities Commander,1,normal,mythic,1,107054,6b913e79-a9f6-44d4-bb37-c4f6f66b8151,0.59,false,false,false,near_mint,en,false,EUR,2026-10-05T14:50:30.016Z
Kreaturen,binder,Horizon Explorer,EOC,Edge of Eternities Commander,15,normal,rare,1,107119,a5873a4d-ab6e-4dd2-9380-5eaa367a8396,3.25,false,false,false,near_mint,en,false,EUR,2026-10-05T14:50:30.016Z
Kreaturen,binder,"Juri, Master of the Revue",EOC,Edge of Eternities Commander,119,normal,uncommon,1,107018,5006eae5-3b77-45ab-a907-f5094b2eaf1f,0.18,false,false,false,near_mint,en,false,EUR,2026-10-05T14:50:30.016Z
Kreaturen,binder,"Korvold, Fae-Cursed King",EOC,Edge of Eternities Commander,120,normal,mythic,1,107032,607c1793-8e5a-4ebf-87c6-7f9c99bbd29a,1.12,false,false,false,near_mint,en,false,EUR,2026-10-05T14:50:30.016Z
Kreaturen,binder,Loamcrafter Faun,EOC,Edge of Eternities Commander,99,normal,rare,1,106942,066de4d6-3fa4-44e0-ab02-8d97b603015a,0.11,false,false,false,near_mint,en,false,EUR,2026-10-05T14:50:30.016Z
Kreaturen,binder,Mayhem Devil,EOC,Edge of Eternities Commander,121,normal,uncommon,1,107049,674f3a8a-4552-4289-b92a-06ce158f115c,0.38,false,false,false,near_mint,en,false,EUR,2026-10-05T14:50:30.016Z
Kreaturen,binder,"Mazirek, Kraul Death Priest",SOC,Secrets of Strixhaven Commander,319,normal,rare,1,112039,940ae3c2-7ac2-412b-afd0-c8b0099bc3aa,0.35,false,false,false,near_mint,en,false,EUR,2026-10-05T14:50:30.016Z
Kreaturen,binder,"Moraug, Fury of Akoum",EOC,Edge of Eternities Commander,89,normal,mythic,1,107013,4481eab8-9e7d-4db8-b1f2-fdf5ee1919a2,2.6,false,false,false,near_mint,en,false,EUR,2026-10-05T14:50:30.016Z
Kreaturen,binder,"Multani, Yavimaya's Avatar",EOC,Edge of Eternities Commander,100,normal,mythic,1,107152,c37a0136-1c40-4cd1-8787-a25c377c1741,0.3,false,false,false,near_mint,en,false,EUR,2026-10-05T14:50:30.016Z
Kreaturen,binder,"Omnath, Locus of Rage",ECC,Lorwyn Eclipsed Commander,129,normal,mythic,1,110515,637c5910-f835-496e-b1b9-445bfb71da97,0.39,false,false,false,near_mint,en,false,EUR,2026-10-05T14:50:30.016Z
Kreaturen,binder,Oracle of Mul Daya,EOC,Edge of Eternities Commander,102,normal,rare,1,107125,ab19808f-a5b8-4dfd-800e-2064cd6538c8,2.75,false,false,false,near_mint,en,false,EUR,2026-10-05T14:50:30.016Z
Kreaturen,binder,Rampaging Baloths,EOC,Edge of Eternities Commander,104,normal,rare,1,107077,84aa18de-6acc-46cc-8e28-3046790a6751,0.35,false,false,false,near_mint,en,false,EUR,2026-10-05T14:50:30.016Z
Kreaturen,binder,Satyr Wayfinder,EOC,Edge of Eternities Commander,106,normal,common,1,107087,8bbbe65d-7162-42fb-94ee-d835d6c3f02a,0.2,false,false,false,near_mint,en,false,EUR,2026-10-05T14:50:30.016Z
Kreaturen,binder,Scouring Swarm,EOC,Edge of Eternities Commander,16,normal,rare,1,107090,8fc25982-8668-43c4-93db-84e716e8783d,0.22,false,false,false,near_mint,en,false,EUR,2026-10-05T14:50:30.016Z
Kreaturen,binder,Soul of Windgrace,EOC,Edge of Eternities Commander,126,normal,mythic,1,107026,5a80f7e1-1d79-4302-a603-73eb060b97a6,0.26,false,false,false,near_mint,en,false,EUR,2026-10-05T14:50:30.016Z
Kreaturen,binder,Springbloom Druid,SOC,Secrets of Strixhaven Commander,287,normal,common,1,112117,c7b7d415-d9b4-49b7-ab31-b2fc91d57fe3,0.2,false,false,false,near_mint,en,false,EUR,2026-10-05T14:50:30.016Z
Kreaturen,binder,Sprouting Goblin,EOC,Edge of Eternities Commander,90,normal,uncommon,1,107208,f5555845-0424-4cb6-b373-57a722444a4a,0.14,false,false,false,near_mint,en,false,EUR,2026-10-05T14:50:30.016Z
Kreaturen,binder,"Szarel, Genesis Shepherd",EOC,Edge of Eternities Commander,4,normal,mythic,1,106766,89b61123-b10f-4bcf-b5f9-1f302f9b22d1,0.38,false,false,false,near_mint,en,false,EUR,2026-10-05T14:50:30.016Z
Kreaturen,binder,The Gitrog Monster,EOC,Edge of Eternities Commander,117,normal,mythic,1,107007,40489e28-878d-44a2-847f-07beef1aa0f8,1.03,false,false,false,near_mint,en,false,EUR,2026-10-05T14:50:30.016Z
Kreaturen,binder,Tireless Tracker,EOC,Edge of Eternities Commander,110,normal,rare,1,107045,66444549-ad9b-49c6-a7c6-34e977c1085d,0.26,false,false,false,near_mint,en,false,EUR,2026-10-05T14:50:30.016Z
Kreaturen,binder,"Titania, Protector of Argoth",EOC,Edge of Eternities Commander,111,normal,mythic,1,107058,732c208b-cd9e-48a9-9b9d-aba63066ba53,0.45,false,false,false,near_mint,en,false,EUR,2026-10-05T14:50:30.016Z
Kreaturen,binder,"Uurg, Spawn of Turg",EOC,Edge of Eternities Commander,127,normal,uncommon,1,107170,d1974536-9e4f-4808-9e49-a036ec7bf65c,0.13,false,false,false,near_mint,en,false,EUR,2026-10-05T14:50:30.016Z
Kreaturen,binder,World Breaker,EOC,Edge of Eternities Commander,112,normal,mythic,1,107171,d25856c9-cb3d-44d9-905e-007f1af65c06,0.3,false,false,false,near_mint,en,false,EUR,2026-10-05T14:50:30.016Z
Kreaturen,binder,"Aminatou, the Fateshifter",2X2,Double Masters 2022,169,normal,mythic,1,70462,bc010302-e715-4946-89eb-a214e0b836ba,5.96,false,false,false,near_mint,en,false,EUR,2026-10-05T14:51:28.311Z
Kreaturen,binder,Angel of the Ruins,EOC,Edge of Eternities Commander,63,normal,rare,2,107266,4ad8d899-5901-4fc8-b4f0-adcc0d97fc6e,0.25,false,false,false,near_mint,en,false,EUR,2026-10-05T14:51:28.311Z
Kreaturen,binder,Archfiend of Despair,FRC,Reality Fracture Commander,46,normal,mythic,1,116848,137b69ad-3296-49f1-bddf-24818a03830f,3.36,false,false,false,near_mint,en,false,EUR,2026-10-05T14:51:28.311Z
Kreaturen,binder,Archon of Cruelty,FRC,Reality Fracture Commander,47,normal,mythic,1,116903,95ff951b-a098-409c-86c8-373b6c9f8331,3.08,false,false,false,near_mint,en,false,EUR,2026-10-05T14:51:28.311Z
Kreaturen,binder,"Avacyn, Angel of Horror",FRC,Reality Fracture Commander,7,normal,rare,1,116977,ff65f46b-0f82-49b8-93b9-7ac0243ce941,8.64,false,false,false,near_mint,en,false,EUR,2026-10-05T14:51:28.311Z
Kreaturen,binder,Darksteel Angel,FRC,Reality Fracture Commander,13,normal,rare,1,114739,0c33024e-9473-4d5b-8433-9898380282c4,4.11,false,false,false,near_mint,en,false,EUR,2026-10-05T14:51:28.311Z
Kreaturen,binder,"Elspeth, Sun's Champion",FRC,Reality Fracture Commander,24,normal,mythic,1,116917,a91d9163-c1f2-4eae-acab-5dabbc71d7d4,0.59,false,false,false,near_mint,en,false,EUR,2026-10-05T14:51:28.311Z
Kreaturen,binder,Felidar Guardian,PLST,The List,AER-19,normal,uncommon,1,49247,b8adc1ba-969c-4597-ba96-7469669bf0bb,1.79,false,false,false,near_mint,en,false,EUR,2026-10-05T14:51:28.311Z
Kreaturen,binder,"Jace, Multiverse Architect",FRC,Reality Fracture Commander,1,normal,mythic,1,116879,55cd03d9-2535-4cf3-a8b2-1418e1190f4a,0.93,false,false,false,near_mint,en,false,EUR,2026-10-05T14:51:28.311Z
Kreaturen,binder,"Jhoira, Weatherlight Corsair",FRC,Reality Fracture Commander,8,normal,rare,1,116852,1874c58d-00ce-4973-a318-50ce21d1a675,0.23,false,false,false,near_mint,en,false,EUR,2026-10-05T14:51:28.311Z
Kreaturen,binder,Spark Double,MSC,Marvel Super Heroes Commander,279,normal,rare,1,114260,c0bd188b-7fb9-4070-a92b-80b81ba71c61,3.68,false,false,false,near_mint,en,false,EUR,2026-10-05T14:51:28.311Z
Kreaturen,binder,"Memnarch, the Warden",FRC,Reality Fracture Commander,15,normal,rare,1,116884,60d05210-c2b1-4248-a470-e0f8123d33f8,1.89,false,false,false,near_mint,en,false,EUR,2026-10-05T14:51:28.311Z
Kreaturen,binder,"Nissa, Leyline Tamer",FRC,Reality Fracture Commander,2,normal,mythic,1,116959,e969d1f3-9595-498b-81cb-6cf4df2cad5d,1.33,false,false,false,near_mint,en,false,EUR,2026-10-05T14:51:28.311Z
Kreaturen,binder,"Ob Nixilis, the Ascended",FRC,Reality Fracture Commander,5,normal,rare,1,116910,a022d35a-9d24-4818-9ff3-a522cfcb178e,0.85,false,false,false,near_mint,en,false,EUR,2026-10-05T14:51:28.311Z
Kreaturen,binder,Overlord of the Mistmoors,FRC,Reality Fracture Commander,29,normal,mythic,1,116849,152d9e61-40f4-489a-b94d-af17a3674441,0.1,false,false,false,near_mint,en,false,EUR,2026-10-05T14:51:28.311Z
Kreaturen,binder,Serra's Emissary,FRC,Reality Fracture Commander,32,normal,mythic,1,116838,0a69b668-7b7c-4da9-af49-e8cbc13797cc,1.48,false,false,false,near_mint,en,false,EUR,2026-10-05T14:51:28.311Z
Kreaturen,binder,"Tamiyo, Upriser Crowned",FRC,Reality Fracture Commander,11,normal,rare,1,116842,0d52b0fd-60a4-4e90-bc4a-3200493779d3,0.1,false,false,false,near_mint,en,false,EUR,2026-10-05T14:51:28.311Z
Kreaturen,binder,The Ur-Sphinx,FRC,Reality Fracture Commander,12,normal,rare,1,116947,d9e9d9a8-86c2-4e58-b818-466247725259,1.77,false,false,false,near_mint,en,false,EUR,2026-10-05T14:51:28.311Z
Kreaturen,binder,"Venser, Fervent Forger",FRC,Reality Fracture Commander,9,normal,rare,1,116843,0de6353b-5c19-40f7-951a-2b600db21846,0.02,false,false,false,near_mint,en,false,EUR,2026-10-05T14:51:28.311Z
Kreaturen,binder,"Alibou, Ancient Witness",EOC,Edge of Eternities Commander,113,normal,mythic,1,107230,10ff4bac-1f93-4dd3-987a-523a6f733a1e,0.48,false,false,false,near_mint,en,false,EUR,2026-10-05T14:52:18.147Z
Kreaturen,binder,Chrome Host Seedshark,EOC,Edge of Eternities Commander,68,normal,rare,1,107225,04e02176-16ee-4676-8b33-cedebdb18cbc,0.24,false,false,false,near_mint,en,false,EUR,2026-10-05T14:52:18.147Z
Kreaturen,binder,Coretapper,EOC,Edge of Eternities Commander,132,normal,uncommon,1,107221,00d9dd37-aad3-46bd-ac9b-140974c8dcaa,0.17,false,false,false,near_mint,en,false,EUR,2026-10-05T14:52:18.147Z
Kreaturen,binder,Crystalline Crawler,EOC,Edge of Eternities Commander,133,normal,rare,1,107256,312fab72-52f7-4b65-a493-6d4359e292b1,0.37,false,false,false,near_mint,en,false,EUR,2026-10-05T14:52:18.147Z
Kreaturen,binder,Cyberdrive Awakener,EOC,Edge of Eternities Commander,69,normal,rare,1,107236,19bf6b74-b236-42eb-8c88-d715cece6357,2.54,false,false,false,near_mint,en,false,EUR,2026-10-05T14:52:18.147Z
Kreaturen,binder,Deepglow Skate,EOC,Edge of Eternities Commander,70,normal,rare,1,107280,6fb36f7b-6d31-413d-8392-ae4f8ca3c0c4,0.41,false,false,false,near_mint,en,false,EUR,2026-10-05T14:52:18.147Z
Kreaturen,binder,Depthshaker Titan,EOC,Edge of Eternities Commander,9,normal,rare,1,107301,972f3582-ad7c-4fe9-af29-90fa695a623f,0.36,false,false,false,near_mint,en,false,EUR,2026-10-05T14:52:18.147Z
Kreaturen,binder,"Emry, Lurker of the Loch",EOC,Edge of Eternities Commander,71,normal,rare,1,107329,c977d89a-bfd1-4e98-9d95-3e41c53dd188,0.8,false,false,false,near_mint,en,false,EUR,2026-10-05T14:52:18.147Z
Kreaturen,binder,Enthusiastic Mechanaut,EOC,Edge of Eternities Commander,114,normal,uncommon,1,107357,fbfcbfed-74c7-4b1e-897c-44f25e45a4a5,0.23,false,false,false,near_mint,en,false,EUR,2026-10-05T14:52:18.147Z
Kreaturen,binder,Etched Oracle,EOC,Edge of Eternities Commander,136,normal,uncommon,1,107239,1b4e70c6-8f74-4b0b-9ad7-33fce05c401b,0.14,false,false,false,near_mint,en,false,EUR,2026-10-05T14:52:18.147Z
Kreaturen,binder,Etherium Sculptor,EOC,Edge of Eternities Commander,72,normal,common,1,107315,b0556f20-1ea8-4ab5-9a09-dec9959f017b,0.83,false,false,false,near_mint,en,false,EUR,2026-10-05T14:52:18.147Z
Kreaturen,binder,Hangarback Walker,SOC,Secrets of Strixhaven Commander,348,normal,rare,2,112126,cc387ccf-f746-4855-81e5-64f5a5e0fdda,0.33,false,false,false,near_mint,en,false,EUR,2026-10-05T14:52:18.147Z
Kreaturen,binder,"Inspirit, Flagship Vessel",EOC,Edge of Eternities Commander,2,normal,mythic,1,107014,46900ec7-eb18-45c4-8e90-a48b665cfdee,0.68,false,false,false,near_mint,en,false,EUR,2026-10-05T14:52:18.147Z
Kreaturen,binder,"Jhoira, Weatherlight Captain",EOC,Edge of Eternities Commander,118,normal,rare,1,107284,776f490a-2f75-4c18-8164-56bd65bb09c6,0.83,false,false,false,near_mint,en,false,EUR,2026-10-05T14:52:18.147Z
Kreaturen,binder,Kappa Cannoneer,EOC,Edge of Eternities Commander,74,normal,rare,1,107303,99cd996f-be74-4dbb-9460-6d650cedfca6,0.67,false,false,false,near_mint,en,false,EUR,2026-10-05T14:52:18.147Z
Kreaturen,binder,"Kilo, Apogee Mind",EOC,Edge of Eternities Commander,3,normal,mythic,1,106760,307a859e-eb80-4af6-b731-92e4767b5100,0.79,false,false,false,near_mint,en,false,EUR,2026-10-05T14:52:18.147Z
Kreaturen,binder,Mindless Automaton,EOC,Edge of Eternities Commander,142,normal,uncommon,1,107332,ccce91e9-58f4-4358-a696-5c439ea19fc9,0.12,false,false,false,near_mint,en,false,EUR,2026-10-05T14:52:18.147Z
Kreaturen,binder,Patrolling Peacemaker,EOC,Edge of Eternities Commander,5,normal,rare,1,107242,1e06d6be-c2a3-4c73-a916-89674c0ddfed,1.24,false,false,false,near_mint,en,false,EUR,2026-10-05T14:52:18.147Z
Kreaturen,binder,Phyrexian Metamorph,EOC,Edge of Eternities Commander,75,normal,rare,1,107310,a564c2e8-f49f-4ed7-850f-7c8bc92e4926,2.34,false,false,false,near_mint,en,false,EUR,2026-10-05T14:52:18.147Z
Kreaturen,binder,Steel Overseer,EOC,Edge of Eternities Commander,144,normal,rare,1,107283,7601fbf2-916f-44b2-837a-201fd8304613,0.45,false,false,false,near_mint,en,false,EUR,2026-10-05T14:52:18.147Z
Kreaturen,binder,Surge Conductor,EOC,Edge of Eternities Commander,19,normal,rare,1,107275,686c005b-39c8-4c6c-bf5a-462774f1d6d9,0.42,false,false,false,near_mint,en,false,EUR,2026-10-05T14:52:18.147Z
Kreaturen,binder,"Tekuthal, Inquiry Dominus",EOC,Edge of Eternities Commander,78,normal,mythic,1,107254,2d389264-e2d2-4589-9636-faa11fe46710,1.87,false,false,false,near_mint,en,false,EUR,2026-10-05T14:52:18.147Z
Kreaturen,binder,Thought Monitor,EOC,Edge of Eternities Commander,79,normal,rare,1,107234,18a6ea89-417c-4ee0-a410-8a0067b92967,0.68,false,false,false,near_mint,en,false,EUR,2026-10-05T14:52:18.147Z
Kreaturen,binder,Threefold Thunderhulk,EOC,Edge of Eternities Commander,145,normal,rare,1,107276,699d1222-f150-46aa-9004-87b45f07eb42,0.33,false,false,false,near_mint,en,false,EUR,2026-10-05T14:52:18.147Z
Kreaturen,binder,Thrummingbird,EOC,Edge of Eternities Commander,80,normal,uncommon,1,107350,f10db847-6598-49a5-8f10-67afd5187d32,0.15,false,false,false,near_mint,en,false,EUR,2026-10-05T14:52:18.147Z
Kreaturen,binder,"Aerith, Last Ancient",FIC,Final Fantasy Commander,76,normal,rare,1,106174,d041a51c-9a28-4b32-9da3-0f06807959f1,0.36,false,false,false,near_mint,en,false,EUR,2026-10-05T14:53:06.249Z
Kreaturen,binder,Ambush Viper,INR,Innistrad Remastered,186,normal,common,1,102491,37f9be6b-ae6e-4708-9749-83bebd351102,0.09,false,false,false,near_mint,en,false,EUR,2026-10-05T14:53:06.249Z
Kreaturen,binder,"Barret, Avalanche Leader",FIC,Final Fantasy Commander,79,normal,rare,1,105874,2e37fd36-84f0-4869-bfae-da4b97c9725d,0.27,false,false,false,near_mint,en,false,EUR,2026-10-05T14:53:06.249Z
Kreaturen,binder,Bastion Protector,FIC,Final Fantasy Commander,233,normal,rare,1,105821,0ed04a28-2984-4fa6-a11e-f508b7b5446e,0.38,false,false,false,near_mint,en,false,EUR,2026-10-05T14:53:06.249Z
Kreaturen,binder,Bronze Guardian,FIC,Final Fantasy Commander,234,normal,rare,1,105797,032dc879-bf2f-4626-8aac-4d5446421923,0.44,false,false,false,near_mint,en,false,EUR,2026-10-05T14:53:06.249Z
Kreaturen,binder,"Bugenhagen, Wise Elder",FIC,Final Fantasy Commander,66,normal,rare,1,106061,99155fae-507a-4eab-918a-bdee021e2262,0.91,false,false,false,near_mint,en,false,EUR,2026-10-05T14:53:06.249Z
Kreaturen,binder,"Cloud, Ex-SOLDIER",FIC,Final Fantasy Commander,2,normal,mythic,1,103777,07b4e4f8-6a31-4533-be51-668ce3ddc84f,0.73,false,false,false,near_mint,en,false,EUR,2026-10-05T14:53:06.249Z
Kreaturen,binder,"Cloud, Planet's Champion",FIN,Final Fantasy,552,foil,mythic,1,103799,a6d58067-337d-43dc-b4a3-c6acc701d450,2.22,false,false,false,near_mint,en,false,EUR,2026-10-05T14:53:06.249Z
Kreaturen,binder,"Danitha Capashen, Paragon",WOC,Wilds of Eldraine Commander,64,normal,uncommon,1,85536,85cbf61d-4e16-411e-b67e-4f316c79c9e1,0.44,false,false,false,near_mint,en,false,EUR,2026-10-05T14:53:06.249Z
Kreaturen,binder,Glóin the Mighty // Easy Pickings,HOB,The Hobbit,227,normal,uncommon,1,115026,7c9bfc6e-648a-482b-9483-9e8538726f53,0.18,false,false,false,near_mint,en,false,EUR,2026-10-05T14:53:06.249Z
Kreaturen,binder,"Heidegger, Shinra Executive",FIC,Final Fantasy Commander,21,normal,rare,1,106036,8e216baf-0e3c-4173-a852-5c5aeb3a9d79,0.21,false,false,false,near_mint,en,false,EUR,2026-10-05T14:53:06.249Z
Kreaturen,binder,Helitrooper,FIC,Final Fantasy Commander,22,normal,rare,1,105849,2073f387-9cdd-4184-8704-e6031c934b6d,0.25,false,false,false,near_mint,en,false,EUR,2026-10-05T14:53:06.249Z
Kreaturen,binder,Iron Hills Stalwart,HOB,The Hobbit,102,normal,common,2,115172,46daa9ac-0ac7-4df9-b9d2-e03ab5b56c72,0.04,false,false,false,near_mint,en,false,EUR,2026-10-05T14:53:06.249Z
Kreaturen,binder,Professional Face-Breaker,FIC,Final Fantasy Commander,296,normal,rare,1,106187,d5a53791-d4e9-49e9-9daf-c8b378925afe,4.9,false,false,false,near_mint,en,false,EUR,2026-10-05T14:53:06.249Z
Kreaturen,binder,Professor Hojo,FIC,Final Fantasy Commander,69,normal,rare,1,105827,107ffe2e-47eb-43de-bc9e-c68013b62912,0.29,false,false,false,near_mint,en,false,EUR,2026-10-05T14:53:06.249Z
Kreaturen,binder,Puresteel Paladin,FIC,Final Fantasy Commander,250,normal,rare,1,106132,b7f768ce-e30e-4da6-a2e3-3e67315b1766,0.96,false,false,false,near_mint,en,false,EUR,2026-10-05T14:53:06.249Z
Kreaturen,binder,"Red XIII, Proud Warrior",FIC,Final Fantasy Commander,91,normal,rare,1,105826,10407b26-be28-4628-9567-746681e5c834,0.31,false,false,false,near_mint,en,false,EUR,2026-10-05T14:53:06.249Z
Kreaturen,binder,"Sephiroth, Fallen Hero",FIC,Final Fantasy Commander,92,normal,rare,1,105736,df919eb8-9eff-4777-9c46-94c795cda918,0.47,false,false,false,near_mint,en,false,EUR,2026-10-05T14:53:06.249Z
Kreaturen,binder,"Sram, Senior Edificer",SOC,Secrets of Strixhaven Commander,176,normal,rare,1,112022,8fbd18ce-0ac3-4b52-9cd0-0af7e0244207,1.52,false,false,false,near_mint,en,false,EUR,2026-10-05T14:53:06.249Z
Kreaturen,binder,"Tifa, Martial Artist",FIC,Final Fantasy Commander,6,normal,mythic,1,105585,31513afc-329c-4913-8fcd-945c39ec82b2,1.12,false,false,false,near_mint,en,false,EUR,2026-10-05T14:53:06.249Z
Kreaturen,binder,"Vincent, Vengeful Atoner",FIC,Final Fantasy Commander,64,normal,rare,1,106076,9e53d0b2-eeb0-4d54-86e5-723e05aaf6da,0.4,false,false,false,near_mint,en,false,EUR,2026-10-05T14:53:06.249Z
Kreaturen,binder,"Yuffie, Materia Hunter",FIC,Final Fantasy Commander,65,normal,rare,1,105829,117bb5db-4a1c-4704-b0b5-c67b45ac2f52,0.29,false,false,false,near_mint,en,false,EUR,2026-10-05T14:53:06.249Z
Kreaturen,binder,Zack Fair,FIN,Final Fantasy,45,normal,uncommon,1,106237,f21f9161-5945-40da-8da0-446f6a4a1c23,0.21,false,false,false,near_mint,en,false,EUR,2026-10-05T14:53:06.249Z
Kreaturen,binder,"Atsushi, the Blazing Sky",SOC,Secrets of Strixhaven Commander,236,normal,mythic,1,111828,06658540-0104-428f-91b1-40552826e781,0.53,false,false,false,near_mint,en,false,EUR,2026-10-05T14:53:45.532Z
Kreaturen,binder,Broodcaller Scourge,TDC,Tarkir: Dragonstorm Commander,44,normal,rare,1,104723,6fc0a74b-0b8a-4c70-87f2-f9f2625d5ff2,0.84,false,false,false,near_mint,en,false,EUR,2026-10-05T14:53:45.532Z
Kreaturen,binder,Deceptive Frostkite,TDC,Tarkir: Dragonstorm Commander,19,normal,rare,1,104485,1f87120f-d2a7-4c06-aadd-3ed5729d7abf,1.16,false,false,false,near_mint,en,false,EUR,2026-10-05T14:53:45.532Z
Kreaturen,binder,Dragonlord Atarka,TDC,Tarkir: Dragonstorm Commander,285,normal,mythic,1,104981,d411ad43-3718-4ed7-932f-fcea28705782,0.58,false,false,false,near_mint,en,false,EUR,2026-10-05T14:53:45.532Z
Kreaturen,binder,Dragonspeaker Shaman,PW25,Wizards Play Network 2025,3,normal,rare,1,104417,be918553-aed5-455d-8b36-23a73dc3f907,1.67,false,false,false,near_mint,en,false,EUR,2026-10-05T14:53:45.532Z
Kreaturen,binder,"Drakuseth, Maw of Flames",FDN,Foundations,193,normal,rare,1,100092,029b1edb-e1de-4f1c-81df-8d17f4920318,0.55,false,false,false,near_mint,en,false,EUR,2026-10-05T14:53:45.532Z
Kreaturen,binder,"Eshki, Temur's Roar",TDC,Tarkir: Dragonstorm Commander,3,normal,mythic,1,104400,ff9aa863-8773-452d-946c-ae334c632e11,1.52,false,false,false,near_mint,en,false,EUR,2026-10-05T14:53:45.532Z
Kreaturen,binder,"Gadrak, the Crown-Scourge",TDC,Tarkir: Dragonstorm Commander,214,normal,rare,1,104502,249bf4b2-9239-4303-9c5d-81d06f6b7fb1,0.35,false,false,false,near_mint,en,false,EUR,2026-10-05T14:53:45.532Z
Kreaturen,binder,Hammerhead Tyrant,TDC,Tarkir: Dragonstorm Commander,21,normal,rare,1,104786,87d4d694-c80e-435a-ba1b-f2f1949f91fc,0.42,false,false,false,near_mint,en,false,EUR,2026-10-05T14:53:45.532Z
Kreaturen,binder,Harbinger of the Hunt,TDC,Tarkir: Dragonstorm Commander,291,normal,rare,1,104870,a6d448c2-ea3b-4098-9e0e-3b0832d6ad24,0.13,false,false,false,near_mint,en,false,EUR,2026-10-05T14:53:45.532Z
Kreaturen,binder,Hellkite Courser,CMR,Commander Legends,666,normal,mythic,1,55976,fea7f618-5757-4611-8689-e34690404992,24.77,false,false,false,near_mint,en,false,EUR,2026-10-05T14:53:45.532Z
Kreaturen,binder,"Kiora, Behemoth Beckoner",WAR,War of the Spark,232,normal,uncommon,1,44172,7a61b1a6-a75f-47b0-b215-de9708b6d773,0.93,false,false,false,near_mint,en,false,EUR,2026-10-05T14:53:45.532Z
Kreaturen,binder,"Lathliss, Dragon Queen",TDC,Tarkir: Dragonstorm Commander,219,normal,rare,1,104444,0cb48015-627b-49cd-8dc3-d446e82b8172,0.84,false,false,false,near_mint,en,false,EUR,2026-10-05T14:53:45.532Z
Kreaturen,binder,Leyline Tyrant,TDC,Tarkir: Dragonstorm Commander,221,normal,mythic,1,104433,0542d0d7-5b0f-4093-b74d-6a60f174aeb5,1.64,false,false,false,near_mint,en,false,EUR,2026-10-05T14:53:45.532Z
Kreaturen,binder,Nesting Dragon,TDC,Tarkir: Dragonstorm Commander,225,normal,rare,1,104686,626db678-2dec-4026-af5a-83e834692ba0,0.32,false,false,false,near_mint,en,false,EUR,2026-10-05T14:53:45.532Z
Kreaturen,binder,"Nogi, Draco-Zealot",TDC,Tarkir: Dragonstorm Commander,226,normal,mythic,1,104781,86e576f2-8f9f-4bbf-85c4-b99ecb665412,1.1,false,false,false,near_mint,en,false,EUR,2026-10-05T14:53:45.532Z
Kreaturen,binder,Opportunistic Dragon,TDC,Tarkir: Dragonstorm Commander,228,normal,rare,1,105029,eac89f5e-6331-4f4a-b0b4-bc9c57f8b892,0.18,false,false,false,near_mint,en,false,EUR,2026-10-05T14:53:45.532Z
Kreaturen,binder,Parapet Thrasher,TDC,Tarkir: Dragonstorm Commander,36,normal,rare,1,104717,6d3ba135-e8d6-443a-952b-5c93edb4523c,1.61,false,false,false,near_mint,en,false,EUR,2026-10-05T14:53:45.532Z
Kreaturen,binder,"Sarkhan, Soul Aflame",TDC,Tarkir: Dragonstorm Commander,301,normal,mythic,1,104615,49d64e6b-563f-486c-ba04-4a254a9a971d,0.83,false,false,false,near_mint,en,false,EUR,2026-10-05T14:53:45.532Z
Kreaturen,binder,Savage Ventmaw,FDN,Foundations,665,normal,uncommon,1,100489,50027d69-8bb0-444c-8e9b-4c9afd91cbda,0.35,false,false,false,near_mint,en,false,EUR,2026-10-05T14:53:45.532Z
Kreaturen,binder,Scourge of Valkas,AFC,Forgotten Realms Commander,137,normal,mythic,1,60899,e6bd7225-b39f-4b3b-8c36-dbc2c09f6e50,4.66,false,false,false,near_mint,en,false,EUR,2026-10-05T14:53:45.532Z
Kreaturen,binder,Scourge of the Throne,TDC,Tarkir: Dragonstorm Commander,230,normal,rare,1,104961,cd44f295-c4c8-4f47-9d51-d5ba578f7f8d,0.49,false,false,false,near_mint,en,false,EUR,2026-10-05T14:53:45.532Z
Kreaturen,binder,Skarrgan Hellkite,TDC,Tarkir: Dragonstorm Commander,233,normal,mythic,1,104855,a373c35e-a54a-4dae-a527-e94dfb10230a,0.25,false,false,false,near_mint,en,false,EUR,2026-10-05T14:53:45.532Z
Kreaturen,binder,Steel Hellkite,TDC,Tarkir: Dragonstorm Commander,327,normal,rare,1,104651,548cbc66-d915-4b94-86da-4c909a1ce645,0.27,false,false,false,near_mint,en,false,EUR,2026-10-05T14:53:45.532Z
Kreaturen,binder,Stormbreath Dragon,TDC,Tarkir: Dragonstorm Commander,237,normal,mythic,1,104546,3637d9b8-87bb-478d-bfb1-59ddab7b5e4c,0.32,false,false,false,near_mint,en,false,EUR,2026-10-05T14:53:45.532Z
Kreaturen,binder,Taurean Mauler,TDC,Tarkir: Dragonstorm Commander,238,normal,rare,1,104559,39938a5a-385b-47ba-a07b-8917cba14fd3,1.07,false,false,false,near_mint,en,false,EUR,2026-10-05T14:53:45.532Z
Kreaturen,binder,Territorial Hellkite,TDC,Tarkir: Dragonstorm Commander,240,normal,rare,1,105068,faad2d44-1443-42c3-9d3e-b78951b1e851,0.21,false,false,false,near_mint,en,false,EUR,2026-10-05T14:53:45.532Z
Kreaturen,binder,Thundermane Dragon,TDC,Tarkir: Dragonstorm Commander,38,normal,rare,1,104759,7ca93b31-d6ec-4265-b2ff-d46090086f07,2.1,false,false,false,near_mint,en,false,EUR,2026-10-05T14:53:45.532Z
Kreaturen,binder,Ureni of the Unwritten,TDC,Tarkir: Dragonstorm Commander,9,normal,mythic,1,104387,f54ecbf1-83df-4486-bd6a-7d1f173b6863,14.25,false,false,false,near_mint,en,false,EUR,2026-10-05T14:53:45.532Z
Kreaturen,binder,"Ureni, the Song Unending",TDM,Tarkir: Dragonstorm,233,normal,mythic,1,104253,227802c0-4ff6-43a8-a850-ed0f546dc5ac,2.54,false,false,false,near_mint,en,false,EUR,2026-10-05T14:53:45.532Z
Kreaturen,binder,Vengeful Ancestor,TDC,Tarkir: Dragonstorm Commander,242,normal,rare,1,104918,bcaa3213-6fc9-43c7-9819-657e16a578f1,0.43,false,false,false,near_mint,en,false,EUR,2026-10-05T14:53:45.532Z
Kreaturen,binder,Verix Bladewing,TDC,Tarkir: Dragonstorm Commander,243,normal,mythic,1,104674,5d951996-3379-431d-bbb0-a7d099e72e4e,0.28,false,false,false,near_mint,en,false,EUR,2026-10-05T14:53:45.532Z
Kreaturen,binder,Whirlwing Stormbrood // Dynamic Soar,TDM,Tarkir: Dragonstorm,234,normal,uncommon,1,104656,56a25eb1-bdb8-4f86-8d9a-3055ad1b2a13,0.04,false,false,false,near_mint,en,false,EUR,2026-10-05T14:53:45.532Z
Kreaturen,binder,Alania's Pathmaker,BLB,Bloomburrow,123,normal,common,3,96123,d3871fe6-e26e-4ab4-bd81-7e3c7b8135c1,0.06,false,false,false,near_mint,en,false,EUR,2026-10-05T15:01:53.443Z
Kreaturen,binder,"Alania, Divergent Storm",BLB,Bloomburrow,204,normal,rare,1,95776,436d6a84-4cea-4ca7-94aa-9d08280652af,0.21,false,false,false,near_mint,en,false,EUR,2026-10-05T15:01:53.443Z
Kreaturen,binder,Bellowing Crier,BLB,Bloomburrow,42,normal,common,3,96119,ca2215dd-6300-49cf-b9b2-3a840b786c31,0.07,false,false,false,near_mint,en,false,EUR,2026-10-05T15:01:53.443Z
Kreaturen,binder,"Bria, Riptide Rogue",BLB,Bloomburrow,379,foil,mythic,1,91701,390c96b3-68da-4a42-89ab-d9ccc79ce0dd,9.71,false,false,false,near_mint,en,false,EUR,2026-10-05T15:01:53.443Z
Kreaturen,binder,Coruscation Mage,BLB,Bloomburrow,131,normal,uncommon,2,95972,dc2c1de0-6233-469a-be72-a050b97d2c8f,1.36,false,false,false,near_mint,en,false,EUR,2026-10-05T15:01:53.443Z
Kreaturen,binder,Mockingbird,BLB,Bloomburrow,61,normal,rare,1,95959,ade32396-8841-4ba4-8852-d11146607f21,3.1,false,false,false,near_mint,en,false,EUR,2026-10-05T15:01:53.443Z
Kreaturen,binder,Quaketusk Boar,BLB,Bloomburrow,146,normal,uncommon,2,95869,2f2b7fd3-a139-49ea-8a89-b64261e868ef,0.12,false,false,false,near_mint,en,false,EUR,2026-10-05T15:01:53.443Z
Kreaturen,binder,Stormcatch Mentor,BLB,Bloomburrow,234,normal,uncommon,2,95813,99754055-6d67-4fde-aff3-41f6af6ea764,0.19,false,false,false,near_mint,en,false,EUR,2026-10-05T15:01:53.443Z
Kreaturen,binder,Thieving Otter,BLB,Bloomburrow,390,normal,common,3,96034,52a258be-39e3-4689-b2d0-7c353ce7d574,0.13,false,false,false,near_mint,en,false,EUR,2026-10-05T15:01:53.443Z
Kreaturen,binder,Waterspout Warden,BLB,Bloomburrow,80,normal,common,3,95909,35898b39-98e2-405b-8f18-0e054bd2c29e,0.03,false,false,false,near_mint,en,false,EUR,2026-10-05T15:01:53.443Z
Kreaturen,binder,Burrowguard Mentor,BLB,Bloomburrow,206,normal,uncommon,2,95945,87138ace-3594-499e-bad5-ec76148613ea,0.11,false,false,false,near_mint,en,false,EUR,2026-10-05T15:02:23.642Z
Kreaturen,binder,"Byrke, Long Ear of the Law",BLB,Bloomburrow,380,foil,mythic,1,91703,6441abd3-320b-424a-9753-61e3581fe1a9,3.21,false,false,false,near_mint,en,false,EUR,2026-10-05T15:02:23.642Z
Kreaturen,binder,Clifftop Lookout,BLB,Bloomburrow,168,normal,uncommon,2,95931,662d3bcc-65f3-4c69-8ea1-446870a1193d,0.13,false,false,false,near_mint,en,false,EUR,2026-10-05T15:02:23.642Z
Kreaturen,binder,Druid of the Spade,BLB,Bloomburrow,170,normal,common,3,96054,6b485cf7-bad0-4824-9ba7-cb112ce4769f,0.06,false,false,false,near_mint,en,false,EUR,2026-10-05T15:02:23.642Z
Kreaturen,binder,Fecund Greenshell,BLB,Bloomburrow,171,normal,rare,1,96071,80b3e815-0e2e-4325-b1d5-5531b7b92da6,0.54,false,false,false,near_mint,en,false,EUR,2026-10-05T15:02:23.642Z
Kreaturen,binder,"Finneas, Ace Archer",BLB,Bloomburrow,212,normal,rare,1,95741,0dee197d-c313-4364-b52c-f83d5f579bc3,0.28,false,false,false,near_mint,en,false,EUR,2026-10-05T15:02:23.642Z
Kreaturen,binder,Pileated Provisioner,BLB,Bloomburrow,25,normal,common,3,96102,ae442cd6-c4df-4aad-9b1d-ccd936c5ec96,0.04,false,false,false,near_mint,en,false,EUR,2026-10-05T15:02:23.642Z
Kreaturen,binder,Serra Redeemer,BLB,Bloomburrow,387,normal,rare,1,96008,230b9aef-bd9c-4332-ace4-b5b065bac6d8,0.3,false,false,false,near_mint,en,false,EUR,2026-10-05T15:02:23.642Z
Kreaturen,binder,Treeguard Duo,BLB,Bloomburrow,200,normal,common,3,96077,89c8456e-c971-42b7-abf3-ff5ae1320abe,0.06,false,false,false,near_mint,en,false,EUR,2026-10-05T15:02:23.642Z
Kreaturen,binder,Warren Elder,BLB,Bloomburrow,37,normal,common,3,96030,4bf20069-5a20-4f95-976b-6af2b69f3ad0,0.07,false,false,false,near_mint,en,false,EUR,2026-10-05T15:02:23.642Z
Kreaturen,binder,Esgaroth Garrison,HOB,The Hobbit,13,normal,common,1,115177,573f67b0-6ce8-4857-a703-4a5728640736,0.03,false,false,false,near_mint,en,false,EUR,2026-10-05T15:25:42.854Z
Kreaturen,binder,Lake-town Mariners // Gone Fishing,HOB,The Hobbit,44,normal,uncommon,1,114996,4202a678-a5f4-47f9-9c18-e88ab9ad20a4,0.04,false,false,false,near_mint,en,false,EUR,2026-10-05T15:25:42.856Z
Kreaturen,binder,"Gandalf, Wandering Wizard",HOB,The Hobbit,41,normal,common,1,115043,1f8403a2-849c-4a59-b0ed-c8803995028d,0.05,false,false,false,near_mint,en,false,EUR,2026-10-05T15:25:42.857Z
Kreaturen,binder,Long Lake Nuisance,HOB,The Hobbit,45,normal,common,1,115240,cd5af94d-6321-4834-8e5f-e5d0261b3ef3,0.05,false,false,false,near_mint,en,false,EUR,2026-10-05T15:25:42.858Z
Kreaturen,binder,Mirkwood Meditator,HOB,The Hobbit,48,normal,common,1,115226,ad7ed4e6-3fe2-40f1-909b-a03b2a3c941a,0.03,false,false,false,near_mint,en,false,EUR,2026-10-05T15:25:42.860Z
Kreaturen,binder,"Bombur, Gentle Dreamer",HOB,The Hobbit,88,normal,uncommon,1,115183,63c317e7-432c-4817-8db4-3670a1d84be3,0.09,false,false,false,near_mint,en,false,EUR,2026-10-05T15:25:42.862Z
Kreaturen,binder,Little Bear,HOB,The Hobbit,128,normal,common,1,115067,8a50858a-33b5-4c45-9c31-5956ae5a33a6,0.06,false,false,false,near_mint,en,false,EUR,2026-10-05T15:25:42.863Z
Kreaturen,binder,Bothersome Noisemaker,HOB,The Hobbit,89,normal,uncommon,1,114956,cb25b11a-6bf5-4a9a-b60f-d4dcac3816d6,0.12,false,false,false,near_mint,en,false,EUR,2026-10-05T15:25:42.865Z
Kreaturen,binder,Ravening Warg,HOB,The Hobbit,80,normal,common,1,115257,ea7b5052-b343-466d-879e-2a211657ef0a,0.06,false,false,false,near_mint,en,false,EUR,2026-10-05T15:25:42.866Z
Kreaturen,binder,Front Porch Sentries,HOB,The Hobbit,67,normal,common,1,115094,07bfc803-e11b-47ab-9f25-0ace7e174200,0.04,false,false,false,near_mint,en,false,EUR,2026-10-05T15:25:42.867Z
Kreaturen,binder,The Sackville-Bagginses,HOB,The Hobbit,83,normal,rare,1,114960,ed87b471-79f9-45ec-9188-69e970f6121e,0.87,false,false,false,near_mint,en,false,EUR,2026-10-05T15:25:42.868Z
Kreaturen,binder,Stony-Voiced Goblins,HOB,The Hobbit,85,normal,common,1,115194,6fcc3699-b475-4612-884d-81bd4f21e9c1,0.07,false,false,false,near_mint,en,false,EUR,2026-10-05T15:25:42.869Z
Kreaturen,binder,Nighthowl Pursuer,HOB,The Hobbit,78,normal,uncommon,1,114959,d3cbe830-7e95-4019-89c4-cfb36bcf00f8,0.11,false,false,false,near_mint,en,false,EUR,2026-10-05T15:25:42.870Z
Kreaturen,binder,The Great Goblin,HOB,The Hobbit,158,normal,rare,1,114902,78d8f53e-537d-4eaa-99e3-cac57fa53d22,0.56,false,false,false,near_mint,en,false,EUR,2026-10-05T15:25:42.871Z
Kreaturen,binder,Stone-Giant of High Pass,HOB,The Hobbit,113,normal,rare,1,115102,5f4f4683-ffd2-447a-932b-276f7fa17cca,0.16,false,false,false,near_mint,en,false,EUR,2026-10-05T15:25:42.872Z
Kreaturen,binder,Goblin-town Flunkies,HOB,The Hobbit,100,normal,common,1,115239,ccff7382-8609-494c-aeee-cd1436456dd0,0.09,false,false,false,near_mint,en,false,EUR,2026-10-05T15:25:42.873Z
Kreaturen,binder,Large Bear,HOB,The Hobbit,159,normal,uncommon,1,115049,50202288-f433-4b56-8f60-349bda7b4f6b,0.09,false,false,false,near_mint,en,false,EUR,2026-10-05T15:25:42.874Z
Kreaturen,binder,Dreaded Bat-Cloud,HOB,The Hobbit,66,normal,uncommon,1,115186,67d52db5-597e-46d5-af39-c3a2de107d30,0.09,false,false,false,near_mint,en,false,EUR,2026-10-05T15:25:42.876Z
Kreaturen,binder,Long-Bodied Grey Dog,HOB,The Hobbit,1,normal,common,1,115243,d1a1e520-1fe2-4529-8afb-c187bb80da3c,0.06,false,false,false,near_mint,en,false,EUR,2026-10-05T15:25:42.878Z
Kreaturen,binder,Gigantic Big Bear,HOB,The Hobbit,126,normal,rare,1,115065,7d6ece3d-8e7a-41ad-974f-3c9748de4825,0.34,false,false,false,near_mint,en,false,EUR,2026-10-05T15:25:42.879Z
Kreaturen,binder,"Beorn, Reluctant Host // Till and Tend",HOB,The Hobbit,118,normal,common,1,115066,804589b7-3ef9-473d-97cc-c61a2d41f70d,0.05,false,false,false,near_mint,en,false,EUR,2026-10-05T15:25:42.881Z
Kreaturen,binder,Mirkwood Pathmaker,HOB,The Hobbit,129,normal,uncommon,1,114997,50fbedc0-bc66-4ffb-87f6-a2df69995091,0.1,false,false,false,near_mint,en,false,EUR,2026-10-05T15:25:42.884Z
Kreaturen,binder,Wargling,HOB,The Hobbit,140,normal,common,1,115141,1ccbf823-846f-4f09-9c67-1deebb5d1d92,0.06,false,false,false,near_mint,en,false,EUR,2026-10-05T15:25:42.886Z
Kreaturen,binder,Guardian of the Halls,HOB,The Hobbit,127,normal,common,1,115168,4265caec-8c28-44cd-8e6b-90b5af926d3c,0.1,false,false,false,near_mint,en,false,EUR,2026-10-05T15:25:42.887Z
Kreaturen,binder,Attercop,HOB,The Hobbit,116,normal,common,1,115206,81263d5d-e402-4813-9458-161112da27ab,0.09,false,false,false,near_mint,en,false,EUR,2026-10-05T15:25:42.888Z
Kreaturen,binder,Groundchuck & Dirtbag,TMT,Teenage Mutant Ninja Turtles,115,normal,rare,1,110905,1563592e-0f21-4488-a3ec-ca766386e423,0.35,false,false,false,near_mint,en,false,EUR,2026-10-05T15:25:42.890Z
Kreaturen,binder,"Raphael, Most Attitude",TMT,Teenage Mutant Ninja Turtles,101,normal,uncommon,1,111487,88385a87-f931-409f-8a21-250f0866d63d,0.07,false,false,false,near_mint,en,false,EUR,2026-10-05T15:25:42.891Z
Kreaturen,binder,The Neutrinos,TMT,Teenage Mutant Ninja Turtles,160,normal,uncommon,1,111556,1308dadc-08a9-40bd-98a4-fb66d792e27d,0.06,false,false,false,near_mint,en,false,EUR,2026-10-05T15:25:42.892Z
Kreaturen,binder,"April, Reporter of the Weird",TMT,Teenage Mutant Ninja Turtles,30,normal,uncommon,1,111454,31aa943f-c9db-43dc-8a72-7ef56f9f5c8b,0.07,false,false,false,near_mint,en,false,EUR,2026-10-05T15:25:42.893Z
Kreaturen,binder,EPF Point Squad,TMT,Teenage Mutant Ninja Turtles,145,normal,common,1,111545,faab52c0-ce79-40af-a156-b193a62d439e,0.04,false,false,false,near_mint,en,false,EUR,2026-10-05T15:25:42.894Z
Kreaturen,binder,"Casey Jones, Jury-Rig Justiciar",TMT,Teenage Mutant Ninja Turtles,207,normal,uncommon,1,111539,f1210cc4-b968-4454-b314-4e9af9f56946,0.14,false,false,false,near_mint,en,false,EUR,2026-10-05T15:25:42.895Z
Kreaturen,binder,Hemosymbic Mite,EOE,Edge of Eternities,190,normal,uncommon,1,107324,c14137a4-2d44-444c-ad50-e2edf9380571,0.08,false,false,false,near_mint,en,false,EUR,2026-10-05T15:25:42.896Z
Kreaturen,binder,"Alpharael, Dreaming Acolyte",EOE,Edge of Eternities,212,normal,uncommon,1,106884,349a2211-2b23-418d-a1ef-1c72ad2e171d,0.09,false,false,false,near_mint,en,false,EUR,2026-10-05T15:25:42.897Z
Kreaturen,binder,Harbinger of the Seas,MAR,Marvel Universe,55,normal,mythic,1,110068,cd8c028c-82bb-4d47-a9cb-ed34c25f2599,2.05,false,false,false,near_mint,en,false,EUR,2026-10-05T15:25:42.899Z
Kreaturen,binder,"Taskmaster, Mercenary Mimic",MSH,Marvel Super Heroes,232,normal,rare,1,113532,0d4265fd-cbfa-4e57-89fd-a1d757acfe81,0.36,false,false,false,near_mint,en,false,EUR,2026-10-05T15:25:42.900Z
Kreaturen,binder,"Ares, God of War",MSH,Marvel Super Heroes,202,normal,rare,1,113409,3e121d65-d341-40b9-bebc-1e7d1b83905c,0.25,false,false,false,near_mint,en,false,EUR,2026-10-05T15:25:42.901Z
Kreaturen,binder,Doc Ock's Henchmen,SPM,Marvel's Spider-Man,30,normal,common,1,107659,a383c442-3f4a-4115-97e4-23f0eb88465b,0.04,false,false,false,near_mint,en,false,EUR,2026-10-05T15:25:42.902Z
Kreaturen,binder,"Starling, Aerial Ally",SPM,Marvel's Spider-Man,18,normal,common,1,107667,babbf53d-3e10-4110-8725-91f766c8cdad,0.11,false,false,false,near_mint,en,false,EUR,2026-10-05T15:25:42.903Z
Kreaturen,binder,"Ant-Man, Colony Commander",MSH,Marvel Super Heroes,201,normal,uncommon,1,113150,26faf2db-ad86-462f-b61f-c1893c9aebbf,0.09,false,false,false,near_mint,en,false,EUR,2026-10-05T15:25:42.904Z
Kreaturen,binder,Powerful Broker,MSH,Marvel Super Heroes,179,normal,common,1,113818,801f0417-b663-4e28-9a61-9570061654d7,0.07,false,false,false,near_mint,en,false,EUR,2026-10-05T15:25:42.905Z
Kreaturen,binder,"Viv Vision, Teen Synthezoid",MSH,Marvel Super Heroes,256,normal,uncommon,1,113834,85cc170a-ecd2-4870-b675-7ece88813995,0.13,false,false,false,near_mint,en,false,EUR,2026-10-05T15:25:42.906Z
Kreaturen,binder,"Flash Thompson, Spider-Fan",SPM,Marvel's Spider-Man,7,normal,uncommon,1,108513,44cf372b-f668-45e9-981e-4533295dcc74,0.04,false,false,false,near_mint,en,false,EUR,2026-10-05T15:25:42.907Z
Kreaturen,binder,"Arnim Zola, Bio-Fanatic",MSH,Marvel Super Heroes,319,normal,uncommon,1,113859,8e3fdece-348a-45eb-871f-fffa91a1fbda,0.1,false,false,false,near_mint,en,false,EUR,2026-10-05T15:25:42.908Z
Kreaturen,binder,"Daredevil, Man Without Fear",MSH,Marvel Super Heroes,213,normal,rare,1,113327,14e821bb-55cc-474e-9b63-0ceecc2666c1,0.22,false,false,false,near_mint,en,false,EUR,2026-10-05T15:25:42.909Z
Kreaturen,binder,"Abomination, Terrifying Titan",MSH,Marvel Super Heroes,333,normal,uncommon,1,113429,d1fb5d54-8232-4888-9d51-5aca90a7b6eb,0.14,false,false,false,near_mint,en,false,EUR,2026-10-05T15:25:42.910Z
Kreaturen,binder,"Lady Spider, Maybelle Reilly",MSC,Marvel Super Heroes Commander,695,normal,uncommon,1,113538,0fef29f4-0216-4492-97f1-267c1c162ee2,0.2,false,false,false,near_mint,en,false,EUR,2026-10-05T15:25:42.911Z
Kreaturen,binder,"Venom, Evil Unleashed",SPM,Marvel's Spider-Man,71,normal,common,1,107664,ab3d51a4-40f0-4606-b5f9-2686c12fd54b,0.12,false,false,false,near_mint,en,false,EUR,2026-10-05T15:25:42.912Z
Kreaturen,binder,"Beast, Erudite Aerialist",MSH,Marvel Super Heroes,206,normal,uncommon,1,113906,a92a95d2-9529-417a-b7d5-b4244d7fdca7,0.09,false,false,false,near_mint,en,false,EUR,2026-10-05T15:25:42.913Z
Kreaturen,binder,"Colleen Wing, Street Samurai",MSH,Marvel Super Heroes,13,normal,uncommon,1,113417,8bffc505-608e-4a5b-9ed9-2321e4cab484,0.08,false,false,false,near_mint,en,false,EUR,2026-10-05T15:25:42.914Z
Kreaturen,binder,Bold Biochemist,MSH,Marvel Super Heroes,48,normal,common,1,113542,10644127-3da0-484e-9afc-de26d9c34390,0.05,false,false,false,near_mint,en,false,EUR,2026-10-05T15:25:42.915Z
Kreaturen,binder,Hero in Training,MSH,Marvel Super Heroes,16,normal,common,1,113541,105a937b-289c-47b5-96a4-654c697bbb7d,0.06,false,false,false,near_mint,en,false,EUR,2026-10-05T15:25:42.916Z
Kreaturen,binder,Eagle of the Great Shelf,HOB,The Hobbit,11,normal,uncommon,1,114895,3feca644-5f65-4477-bbc8-d505cec6f3a5,0.05,false,false,false,near_mint,en,false,EUR,2026-10-05T15:25:42.918Z
Kreaturen,binder,Woodland Weavemaster,HOB,The Hobbit,143,normal,uncommon,1,115034,fe2b4bcf-56de-44d3-83af-aeb27f82c25e,0.14,false,false,false,near_mint,en,false,EUR,2026-10-05T15:25:42.919Z
Kreaturen,binder,Snowslope Hunter,HOB,The Hobbit,112,normal,uncommon,1,115173,47666099-ffb2-4d07-a801-70524dba0837,0.08,false,false,false,near_mint,en,false,EUR,2026-10-05T15:25:42.922Z
Kreaturen,binder,Bejeweled Warg,HOB,The Hobbit,117,normal,rare,1,115115,e95eba5c-e0d6-46b4-a0be-8e373b2185ea,0.33,false,false,false,near_mint,en,false,EUR,2026-10-05T15:25:42.924Z
Kreaturen,binder,"Gandalf, Spark Starter",HOB,The Hobbit,203,normal,uncommon,1,114984,ccf2923e-5358-4e40-bc64-2953ac2d1692,0.15,false,false,false,near_mint,en,false,EUR,2026-10-05T15:25:42.925Z
Kreaturen,binder,Hellkite Tyrant,FIC,Final Fantasy Commander,295,normal,rare,1,106060,97ff9946-af2c-4568-847e-b828a71d0217,2.08,false,false,false,near_mint,en,false,EUR,2026-10-05T15:25:42.926Z
Kreaturen,binder,Barret Wallace,FIN,Final Fantasy,129,normal,uncommon,1,105840,1a504dff-5857-4a61-ab99-616d5df7cf5a,0.06,false,false,false,near_mint,en,false,EUR,2026-10-05T15:25:42.927Z
Kreaturen,binder,"Cait Sith, Fortune Teller",FIC,Final Fantasy Commander,54,normal,rare,1,105895,3e0f6c53-6bbf-4d4c-bbbf-4dab22297527,0.29,false,false,false,near_mint,en,false,EUR,2026-10-05T15:25:42.928Z
Kreaturen,binder,Armory Automaton,FIC,Final Fantasy Commander,336,normal,rare,1,106063,99fbb6f1-0584-45c2-b4c5-0431447913d4,0.26,false,false,false,near_mint,en,false,EUR,2026-10-05T15:25:42.929Z
Kreaturen,binder,Avalanche of Sector 7,FIC,Final Fantasy Commander,53,normal,rare,1,105852,20a87dbc-5deb-42ae-9097-806e9a27466f,0.28,false,false,false,near_mint,en,false,EUR,2026-10-05T15:25:42.930Z
Kreaturen,binder,Summon: Kujata,FIC,Final Fantasy Commander,61,normal,rare,1,106136,ba934866-efd0-4126-b1ff-9c7e82b73bd6,0.32,false,false,false,near_mint,en,false,EUR,2026-10-05T15:25:42.931Z
Kreaturen,binder,"Elena, Turk Recruit",FIC,Final Fantasy Commander,18,normal,rare,1,106179,d16553a3-65c3-4dec-af92-123d1e5dce10,0.33,false,false,false,near_mint,en,false,EUR,2026-10-05T15:25:42.932Z
Kreaturen,binder,Rhovanion Rampager,HOB,The Hobbit,82,normal,rare,1,115101,5ee45a5e-3650-47b3-8d31-6b1de9e27a14,0.19,false,false,false,near_mint,en,false,EUR,2026-10-05T15:25:42.933Z
Kreaturen,binder,"Azog, Moria's Ruin",HOB,The Hobbit,61,normal,rare,1,114883,135da718-affc-46ba-be57-c12c23b54dad,0.31,false,false,false,near_mint,en,false,EUR,2026-10-05T15:25:42.934Z
Kreaturen,binder,"Thranduil, Sindarin Liege // Silvan Rally",HOB,The Hobbit,233,normal,uncommon,1,115095,0992ce8b-7bef-4799-a52d-7a46021a8672,0.23,false,false,false,near_mint,en,false,EUR,2026-10-05T15:25:42.935Z
Kreaturen,binder,The Lord of the Eagles,HOB,The Hobbit,46,foil,rare,1,114918,fa0554fc-9448-4ae2-8712-4f4f7af3c7b4,0.41,false,false,false,near_mint,en,false,EUR,2026-10-05T15:25:42.936Z
Kreaturen,binder,Anthropede,DSK,Duskmourn: House of Horror,167,normal,common,1,98824,51216ab0-9806-4faa-afbd-143e95dc255b,0.02,false,false,false,near_mint,en,false,EUR,2026-10-05T15:25:42.937Z
Kreaturen,binder,Stalked Researcher,DSK,Duskmourn: House of Horror,73,normal,common,1,98868,8a26ccad-adfa-43cc-be4c-dc8dd584bca3,0.06,false,false,false,near_mint,en,false,EUR,2026-10-05T15:25:42.938Z
Kreaturen,binder,Fear of Isolation,DSK,Duskmourn: House of Horror,58,normal,uncommon,1,98634,69aa6054-8c59-4bbc-a283-adb453639786,0.18,false,false,false,near_mint,en,false,EUR,2026-10-05T15:25:42.939Z
Kreaturen,binder,Broodspinner,DSK,Duskmourn: House of Horror,211,normal,uncommon,1,99011,dcdd2622-ab7a-4990-b026-3667cac42894,0.15,false,false,false,near_mint,en,false,EUR,2026-10-05T15:25:42.940Z
Kreaturen,binder,Bashful Beastie,DSK,Duskmourn: House of Horror,169,normal,common,1,98909,c20fa7ee-a4c2-4eb0-9467-195f3b894fa0,0.06,false,false,false,near_mint,en,false,EUR,2026-10-05T15:25:42.941Z
Kreaturen,binder,Tunnel Surveyor,DSK,Duskmourn: House of Horror,76,normal,common,1,98782,12ee2690-f464-4a38-81e1-6dd2053a3327,0.04,false,false,false,near_mint,en,false,EUR,2026-10-05T15:25:42.942Z
Kreaturen,binder,Hand That Feeds,DSK,Duskmourn: House of Horror,139,normal,common,1,98798,297c2860-5a68-4a18-a23a-ca5cfdfbcac8,0.03,false,false,false,near_mint,en,false,EUR,2026-10-05T15:25:42.943Z
Kreaturen,binder,Wary Watchdog,DSK,Duskmourn: House of Horror,206,normal,common,1,98796,25ed97f2-b47e-49b7-9b1a-694c4bbeca3b,0.06,false,false,false,near_mint,en,false,EUR,2026-10-05T15:25:42.945Z
Kreaturen,binder,Cackling Slasher,DSK,Duskmourn: House of Horror,85,normal,common,1,99296,b1269ccf-febf-42b0-8c20-21ccb731a3ec,0.03,false,false,false,near_mint,en,false,EUR,2026-10-05T15:25:42.946Z
Kreaturen,binder,Vile Mutilator,DSK,Duskmourn: House of Horror,122,normal,uncommon,1,98811,383fe040-98bb-40f3-b809-48c429b83f47,0.14,false,false,false,near_mint,en,false,EUR,2026-10-05T15:25:42.947Z
Kreaturen,binder,Reluctant Role Model,DSK,Duskmourn: House of Horror,26,normal,rare,1,98821,4dde86d6-34a0-4b3b-a46a-d9941501d08c,0.34,false,false,false,near_mint,en,false,EUR,2026-10-05T15:25:42.948Z
Kreaturen,binder,Bedhead Beastie,DSK,Duskmourn: House of Horror,125,normal,common,1,99216,77c72b5b-dd81-4eb4-80d9-a0124e27e1dc,0.06,false,false,false,near_mint,en,false,EUR,2026-10-05T15:25:42.952Z
Kreaturen,binder,Patchwork Beastie,DSK,Duskmourn: House of Horror,195,normal,uncommon,1,98721,895de583-36d2-43fd-927f-8876d4302c73,0.09,false,false,false,near_mint,en,false,EUR,2026-10-05T15:25:42.953Z
Kreaturen,binder,Irreverent Gremlin,DSK,Duskmourn: House of Horror,142,normal,uncommon,1,98869,8da254f5-53f2-41d2-a4f0-a90b3dd6209c,0.14,false,false,false,near_mint,en,false,EUR,2026-10-05T15:25:42.954Z
Kreaturen,binder,Omnivorous Flytrap,DSK,Duskmourn: House of Horror,322,normal,rare,1,98944,f779cc02-2470-4fc0-ae08-503adeb8e0a9,0.17,false,false,false,near_mint,en,false,EUR,2026-10-05T15:25:42.955Z
Kreaturen,binder,Clockwork Percussionist,DSK,Duskmourn: House of Horror,130,normal,common,1,98695,10986e5a-9fc6-41e2-8352-289328245171,0.14,false,false,false,near_mint,en,false,EUR,2026-10-05T15:25:42.957Z
Kreaturen,binder,Sawblade Skinripper,DSK,Duskmourn: House of Horror,231,normal,uncommon,1,98917,cbe51964-50d2-49b0-9c3c-81751dcbeade,0.06,false,false,false,near_mint,en,false,EUR,2026-10-05T15:25:42.959Z
Kreaturen,binder,Hauntwoods Shrieker,DSK,Duskmourn: House of Horror,182,normal,mythic,1,98638,744ef0bc-9973-450e-a0c4-056d8244f357,1.18,false,false,false,near_mint,en,false,EUR,2026-10-05T15:25:42.960Z
Kreaturen,binder,Spineseeker Centipede,DSK,Duskmourn: House of Horror,199,normal,common,1,98904,b50d697c-8358-429b-8f79-7ad9d01a5edd,0.07,false,false,false,near_mint,en,false,EUR,2026-10-05T15:25:42.961Z
Kreaturen,binder,Erratic Apparition,DSK,Duskmourn: House of Horror,54,normal,common,1,99287,a74fd612-2890-4333-a379-5bf7650fbb87,0.04,false,false,false,near_mint,en,false,EUR,2026-10-05T15:25:42.962Z
Kreaturen,binder,Hardened Escort,DSK,Duskmourn: House of Horror,16,normal,common,1,98779,12054e10-46d6-4581-a7e5-ff277cb0e229,0.07,false,false,false,near_mint,en,false,EUR,2026-10-05T15:25:42.963Z
Kreaturen,binder,Vicious Clown,DSK,Duskmourn: House of Horror,163,normal,common,1,98780,12649f73-9d29-4eed-bc89-cc0d1a8969e3,0.05,false,false,false,near_mint,en,false,EUR,2026-10-05T15:25:42.964Z
Kreaturen,binder,Balemurk Leech,DSK,Duskmourn: House of Horror,84,normal,common,1,99016,f0621b32-95c5-4f70-96cf-d46d20efc85d,0.1,false,false,false,near_mint,en,false,EUR,2026-10-05T15:25:42.965Z
Kreaturen,binder,Slavering Branchsnapper,DSK,Duskmourn: House of Horror,198,normal,common,1,98709,5ed7ca4d-5895-4074-8315-656363d14862,0.09,false,false,false,near_mint,en,false,EUR,2026-10-05T15:25:42.966Z
Kreaturen,binder,Unwilling Vessel,DSK,Duskmourn: House of Horror,81,normal,uncommon,1,98631,5d1758ed-fe33-4ead-8c83-e54fabcb4cfe,0.06,false,false,false,near_mint,en,false,EUR,2026-10-05T15:25:42.967Z
Kreaturen,binder,"Toby, Beastie Befriender",DSK,Duskmourn: House of Horror,356,normal,rare,1,95612,cafe5755-88b0-4fee-8596-4232844f60fc,0.34,false,false,false,near_mint,en,false,EUR,2026-10-05T15:25:42.968Z
Kreaturen,binder,Marina Vendrell,DSK,Duskmourn: House of Horror,221,foil,rare,1,99182,6428cddc-2fb6-41af-a643-e83c81dc04f5,0.29,false,false,false,near_mint,en,false,EUR,2026-10-05T15:25:42.969Z
Kreaturen,binder,Overgrown Zealot,DSK,Duskmourn: House of Horror,193,normal,uncommon,1,98874,96d68d29-499a-4864-be18-bd98fda0d173,0.1,false,false,false,near_mint,en,false,EUR,2026-10-05T15:25:42.970Z
Kreaturen,binder,Unsettling Twins,DSK,Duskmourn: House of Horror,38,normal,common,1,98865,85da2e65-4e22-48b6-98ad-6969684d69e1,0.14,false,false,false,near_mint,en,false,EUR,2026-10-05T15:25:42.971Z
Kreaturen,binder,Fanatic of the Harrowing,DSK,Duskmourn: House of Horror,96,normal,common,1,98699,2a0acb05-91e0-4f7c-b48b-99e1068fad16,0.02,false,false,false,near_mint,en,false,EUR,2026-10-05T15:25:42.972Z
Kreaturen,binder,Possessed Goat,DSK,Duskmourn: House of Horror,25,normal,common,1,99350,cd02b8ff-ff65-4a38-b8fb-f8dd130edbf7,0.07,false,false,false,near_mint,en,false,EUR,2026-10-05T15:25:42.973Z
Kreaturen,binder,Insidious Fungus,DSK,Duskmourn: House of Horror,186,normal,uncommon,1,98922,d60d2e62-06da-410a-81ed-6cebb2632fb6,0.38,false,false,false,near_mint,en,false,EUR,2026-10-05T15:25:42.974Z
Kreaturen,binder,"Altanak, the Thrice-Called",DSK,Duskmourn: House of Horror,166,normal,uncommon,1,98716,807b0674-8eba-4204-b6b6-fa2b785a79e9,0.16,false,false,false,near_mint,en,false,EUR,2026-10-05T15:25:42.975Z
Kreaturen,binder,Star Athlete,DSC,Duskmourn: House of Horror Commander,29,normal,rare,1,99170,5c7c23a6-53ff-4588-838c-7936cb9eb86b,0.72,false,false,false,near_mint,en,false,EUR,2026-10-05T15:25:42.976Z
Kreaturen,binder,Ghostly Dancers,DSK,Duskmourn: House of Horror,302,normal,rare,1,99239,851b9caa-bb70-4d84-8139-b70867193922,0.35,false,false,false,near_mint,en,false,EUR,2026-10-05T15:25:42.977Z
Kreaturen,binder,Patient Instructor,HOB,The Hobbit,162,normal,common,3,115091,e4800508-8bb9-41bb-8712-b55fba7a80a5,0.1,false,false,false,near_mint,en,false,EUR,2026-10-05T15:25:42.853Z
Kreaturen,binder,Elven Raft-Steerer,HOB,The Hobbit,37,normal,uncommon,2,114890,c141695c-c108-41d5-85cb-1f7485d9d533,0.15,false,false,false,near_mint,en,false,EUR,2026-10-05T15:25:42.859Z
Kreaturen,binder,"Galion, Elvenking's Butler",HOB,The Hobbit,125,normal,uncommon,2,114979,985bd676-58c4-42c7-a570-1b413e9aa94c,0.07,false,false,false,near_mint,en,false,EUR,2026-10-05T15:25:42.861Z
Kreaturen,binder,Duskwatch Hunter,HOB,The Hobbit,153,normal,common,2,115045,3685c783-d837-4466-a960-ab3098db64c3,0.03,false,false,false,near_mint,en,false,EUR,2026-10-05T15:25:42.875Z
Kreaturen,binder,Boughside Wanderers,HOB,The Hobbit,121,normal,common,2,115196,71bec005-2925-4944-be16-2cc5eb30f5d6,0.03,false,false,false,near_mint,en,false,EUR,2026-10-05T15:25:42.880Z
Kreaturen,binder,Wilderland Scrounger,HOB,The Hobbit,141,normal,uncommon,2,114999,63078f42-f404-4c61-86be-45d934393b0a,0.07,false,false,false,near_mint,en,false,EUR,2026-10-05T15:25:42.882Z
Kreaturen,binder,Wood Elves,HOB,The Hobbit,142,normal,common,2,112913,2476e42b-b209-4207-8ed9-cb668f89b218,0.08,false,false,false,near_mint,en,false,EUR,2026-10-05T15:25:42.885Z
Kreaturen,binder,Innocuous Rat,DSK,Duskmourn: House of Horror,103,normal,common,2,98872,94edbbc5-5673-4753-bfad-4432c4b7dca4,0.07,false,false,false,near_mint,en,false,EUR,2026-10-05T15:25:42.944Z
Kreaturen,binder,Creeping Peeper,DSK,Duskmourn: House of Horror,46,normal,common,2,98851,7ad59368-1335-4d8e-a254-ccd889933e57,0.02,false,false,false,near_mint,en,false,EUR,2026-10-05T15:25:42.949Z
Kreaturen,binder,Cryptid Inspector,DSK,Duskmourn: House of Horror,174,normal,common,2,98858,820c2932-2e23-4f67-92d0-a630aec6f1b4,0.02,false,false,false,near_mint,en,false,EUR,2026-10-05T15:25:42.951Z
Kreaturen,binder,Enduring Tenacity,DSK,Duskmourn: House of Horror,95,normal,rare,1,95615,d5756d4b-3068-412c-8643-880d3459151e,11.59,false,false,false,near_mint,en,false,EUR,2026-10-05T15:31:35.262Z
Kreaturen,binder,Fear of Failed Tests,DSK,Duskmourn: House of Horror,55,normal,uncommon,1,98659,a87c39df-7636-454b-8485-a1cc9362fd84,0.11,false,false,false,near_mint,en,false,EUR,2026-10-05T15:33:06.398Z
Kreaturen,binder,Overlord of the Mistmoors,DSK,Duskmourn: House of Horror,23,normal,mythic,1,98635,6bcafc2e-cef6-412d-8c5d-1658c3337292,2.93,false,false,false,near_mint,en,false,EUR,2026-10-05T15:33:06.399Z
Kreaturen,binder,"Shelob, Child of Ungoliant",LTR,The Lord of the Rings: Tales of Middle-earth,230,normal,rare,1,83350,a14c4b29-3363-45ce-9190-0f79e1a0ef7f,0.85,false,false,false,near_mint,en,false,EUR,2026-10-05T15:41:18.244Z
Kreaturen,binder,Sagu Wildling // Roost Seek,TDM,Tarkir: Dragonstorm,306,foil,common,1,104903,b72ee8f9-5e79-4f77-ae7e-e4c274f78187,0.39,false,false,false,near_mint,en,false,EUR,2026-10-05T15:41:18.245Z
Kreaturen,binder,Coalstoke Gearhulk,DFT,Aetherdrift,198,normal,mythic,1,103540,73431628-b9b0-41e6-8e9b-8a090939b0c1,0.74,false,false,false,near_mint,en,false,EUR,2026-10-05T15:41:18.246Z
Kreaturen,binder,Éomer of the Riddermark,LTR,The Lord of the Rings: Tales of Middle-earth,121,foil,uncommon,1,83552,d920fcaf-4988-4186-962d-cdda25d79e7b,0.19,false,false,false,near_mint,en,false,EUR,2026-10-05T15:41:18.247Z
Kreaturen,binder,Cruel Administrator,TLA,Avatar: The Last Airbender,213,normal,uncommon,1,109753,9d70707b-2e25-40b1-80a8-9a5492bca7e2,0.1,false,false,false,near_mint,en,false,EUR,2026-10-05T16:13:48.586Z
Kreaturen,binder,"Toph, Hardheaded Teacher",TLA,Avatar: The Last Airbender,246,normal,rare,1,109816,e3ba3395-39db-4330-9801-53def924f253,0.64,false,false,false,near_mint,en,false,EUR,2026-10-05T16:13:48.587Z
Kreaturen,binder,"Bumi, King of Three Trials",TLA,Avatar: The Last Airbender,169,normal,uncommon,1,109758,a268697b-22b0-4e1b-a5b6-d9be95025e57,0.19,false,false,false,near_mint,en,false,EUR,2026-10-05T16:13:48.588Z
Kreaturen,binder,Saber-Tooth Moose-Lion,TLA,Avatar: The Last Airbender,194,normal,common,1,108266,b15f302d-c451-4e79-a5af-75ee3ba4cadf,0.02,false,false,false,near_mint,en,false,EUR,2026-10-05T16:13:48.589Z
Kreaturen,binder,Badgermole,TLA,Avatar: The Last Airbender,166,normal,common,1,108260,aabbd420-b7fc-496f-9168-bad823d51d9e,0.04,false,false,false,near_mint,en,false,EUR,2026-10-05T16:13:48.590Z
Kreaturen,binder,Diligent Zookeeper,TLA,Avatar: The Last Airbender,171,normal,rare,1,109394,21f52564-9820-42dc-a08d-459d51afc397,0.15,false,false,false,near_mint,en,false,EUR,2026-10-05T16:13:48.591Z
Kreaturen,binder,Earth Kingdom General,TLA,Avatar: The Last Airbender,173,normal,uncommon,1,109481,8688fce5-74b1-41e1-a59a-05a3878a75cb,0.13,false,false,false,near_mint,en,false,EUR,2026-10-05T16:13:48.592Z
Kreaturen,binder,Foggy Swamp Vinebender,TLA,Avatar: The Last Airbender,180,normal,common,1,109727,78a75317-94f7-47a4-b4da-5a027fa73248,0.03,false,false,false,near_mint,en,false,EUR,2026-10-05T16:13:48.593Z
Kreaturen,binder,Ostrich-Horse,TLA,Avatar: The Last Airbender,188,normal,common,1,108215,5ca3fd45-9301-44ef-afc0-4d7999d66d36,0.02,false,false,false,near_mint,en,false,EUR,2026-10-05T16:13:48.594Z
Kreaturen,binder,Walltop Sentries,TLA,Avatar: The Last Airbender,202,normal,common,1,109818,e55f1c63-58f6-4e2b-aaeb-f2d5faca47a2,0.04,false,false,false,near_mint,en,false,EUR,2026-10-05T16:13:48.595Z
Kreaturen,binder,"Haru, Hidden Talent",TLA,Avatar: The Last Airbender,182,normal,uncommon,1,108248,9657a0c0-2c26-4331-8e62-f032265a01af,0.11,false,false,false,near_mint,en,false,EUR,2026-10-05T16:13:48.596Z
Kreaturen,binder,Rebellious Captives,TLA,Avatar: The Last Airbender,191,normal,common,1,108293,e64a4a8b-323c-4c8b-92af-1a3295799e65,0.03,false,false,false,near_mint,en,false,EUR,2026-10-05T16:13:48.597Z
Kreaturen,binder,Unlucky Cabbage Merchant,TLA,Avatar: The Last Airbender,201,normal,uncommon,1,109374,0a838009-b115-4497-b35d-682e41ead7db,0.14,false,false,false,near_mint,en,false,EUR,2026-10-05T16:13:48.598Z
Kreaturen,binder,Raucous Audience,TLA,Avatar: The Last Airbender,190,normal,common,1,108279,ccd03ec3-0fae-48b2-9f04-9c57d2f94267,0.06,false,false,false,near_mint,en,false,EUR,2026-10-05T16:13:48.599Z
Kreaturen,binder,Sparring Dummy,TLA,Avatar: The Last Airbender,197,normal,uncommon,1,109435,520f5a03-ff5a-43ed-8f15-cf24596d60cd,0.05,false,false,false,near_mint,en,false,EUR,2026-10-05T16:13:48.600Z
Kreaturen,binder,Earthen Ally,TLA,Avatar: The Last Airbender,177,normal,rare,1,109805,d7a0f2d9-efa4-4a53-a24b-36694457bd1c,0.2,false,false,false,near_mint,en,false,EUR,2026-10-05T16:13:48.601Z
Kreaturen,binder,Turtle-Duck,TLA,Avatar: The Last Airbender,200,normal,common,1,108264,aefcd734-3916-4c77-9d98-3ea2c2795658,0.03,false,false,false,near_mint,en,false,EUR,2026-10-05T16:13:48.602Z
Kreaturen,binder,Cat-Gator,TLA,Avatar: The Last Airbender,91,normal,uncommon,1,108298,ec83a825-79e6-42a4-919c-3bc498ff4433,0.08,false,false,false,near_mint,en,false,EUR,2026-10-05T16:13:48.603Z
Kreaturen,binder,Canyon Crawler,TLA,Avatar: The Last Airbender,90,normal,common,1,109668,30a30bfb-f0f3-425b-b37d-20079ee27046,0.02,false,false,false,near_mint,en,false,EUR,2026-10-05T16:13:48.604Z
Kreaturen,binder,"Lo and Li, Twin Tutors",TLA,Avatar: The Last Airbender,108,normal,uncommon,1,109794,cba9260d-ef07-4429-99f9-6004cc1fea0f,0.11,false,false,false,near_mint,en,false,EUR,2026-10-05T16:13:48.605Z
Kreaturen,binder,Beetle-Headed Merchants,TLA,Avatar: The Last Airbender,86,normal,common,1,108273,c2eed79f-38c1-4aac-9525-d54cb114f17f,0.02,false,false,false,near_mint,en,false,EUR,2026-10-05T16:13:48.606Z
Kreaturen,binder,"Azula, On the Hunt",TLA,Avatar: The Last Airbender,85,normal,uncommon,1,109383,1335a145-248a-4f1e-8760-9a5d531e14e3,0.21,false,false,false,near_mint,en,false,EUR,2026-10-05T16:13:48.607Z
Kreaturen,binder,Foggy Swamp Hunters,TLA,Avatar: The Last Airbender,101,normal,common,1,109689,3f6e5869-ca25-4b98-a844-8a498cb40aab,0.02,false,false,false,near_mint,en,false,EUR,2026-10-05T16:13:48.608Z
Kreaturen,binder,Fire Navy Trebuchet,TLA,Avatar: The Last Airbender,100,normal,uncommon,1,109820,e58372cc-9a89-47a4-a0db-df5435e26cd3,0.13,false,false,false,near_mint,en,false,EUR,2026-10-05T16:13:48.609Z
Kreaturen,binder,Raven Eagle,TLA,Avatar: The Last Airbender,116,normal,rare,1,109652,2262f24b-db6b-4f86-96d0-47a20fc015ab,0.19,false,false,false,near_mint,en,false,EUR,2026-10-05T16:13:48.610Z
Kreaturen,binder,Boiling Rock Rioter,TLA,Avatar: The Last Airbender,87,normal,rare,1,109464,739653cc-35c8-4a66-95d8-3e80fa6114f0,0.12,false,false,false,near_mint,en,false,EUR,2026-10-05T16:13:48.611Z
Kreaturen,binder,Hog-Monkey,TLA,Avatar: The Last Airbender,104,normal,common,1,108206,4f442970-5355-4abf-8684-17daaa8e469b,0.04,false,false,false,near_mint,en,false,EUR,2026-10-05T16:13:48.612Z
Kreaturen,binder,Pirate Peddlers,TLA,Avatar: The Last Airbender,115,normal,common,1,109919,5c998994-6c3b-4f34-9b31-babba2b17266,0.04,false,false,false,near_mint,en,false,EUR,2026-10-05T16:13:48.613Z
Kreaturen,binder,Wolfbat,TLA,Avatar: The Last Airbender,122,normal,uncommon,1,109666,2ae83b4e-e5a4-4c98-8d16-eef3c71b8ff2,0.17,false,false,false,near_mint,en,false,EUR,2026-10-05T16:13:48.614Z
Kreaturen,binder,"June, Bounty Hunter",TLA,Avatar: The Last Airbender,106,normal,uncommon,1,109385,148bbaab-bc7b-46ab-8e18-ade69d71d847,0.1,false,false,false,near_mint,en,false,EUR,2026-10-05T16:13:48.615Z
Kreaturen,binder,Corrupt Court Official,TLA,Avatar: The Last Airbender,92,normal,common,1,108198,4692610e-d64c-438e-b5ad-0cf67fd57f1f,0.88,false,false,false,near_mint,en,false,EUR,2026-10-05T16:13:48.616Z
Kreaturen,binder,"Joo Dee, One of Many",TLA,Avatar: The Last Airbender,105,normal,uncommon,1,109730,7ae1439f-a0c4-42c2-a4f3-8851defa981e,0.06,false,false,false,near_mint,en,false,EUR,2026-10-05T16:13:48.617Z
Kreaturen,binder,Merchant of Many Hats,TLA,Avatar: The Last Airbender,110,normal,common,1,108229,752ffa24-93b6-4b33-bf10-7222357ac472,0.03,false,false,false,near_mint,en,false,EUR,2026-10-05T16:13:48.618Z
Kreaturen,binder,Callous Inspector,TLA,Avatar: The Last Airbender,89,normal,common,1,109579,f22610e9-6b14-4914-bb67-bd6723bec9aa,0.16,false,false,false,near_mint,en,false,EUR,2026-10-05T16:13:48.619Z
Kreaturen,binder,Serpent of the Pass,TLA,Avatar: The Last Airbender,70,normal,uncommon,1,108237,87595843-15bc-48bb-8a81-3e6ad924ed44,0.12,false,false,false,near_mint,en,false,EUR,2026-10-05T16:13:48.620Z
Kreaturen,binder,Giant Koi,TLA,Avatar: The Last Airbender,53,normal,common,1,108186,3938ec1f-979c-48e5-bb13-bebace006a8f,0.04,false,false,false,near_mint,en,false,EUR,2026-10-05T16:13:48.621Z
Kreaturen,binder,Geyser Leaper,TLA,Avatar: The Last Airbender,52,normal,common,1,108205,4d25428d-e5a5-43c4-8544-43120ed1c4d5,0.04,false,false,false,near_mint,en,false,EUR,2026-10-05T16:13:48.622Z
Kreaturen,binder,"Yue, the Moon Spirit",TLA,Avatar: The Last Airbender,83,normal,rare,1,108143,ecdac50f-c639-43fc-a03e-d488fac96ae2,0.21,false,false,false,near_mint,en,false,EUR,2026-10-05T16:13:48.623Z
Kreaturen,binder,Flexible Waterbender,TLA,Avatar: The Last Airbender,50,normal,common,1,108163,1447ebce-7e48-4b21-a39c-740920538bdd,0.06,false,false,false,near_mint,en,false,EUR,2026-10-05T16:13:48.624Z
Kreaturen,binder,Rowdy Snowballers,TLA,Avatar: The Last Airbender,68,normal,common,1,108165,17d71522-b133-4003-b787-0c742a2fd70e,0.03,false,false,false,near_mint,en,false,EUR,2026-10-05T16:13:48.625Z
Kreaturen,binder,"Katara, Bending Prodigy",TLA,Avatar: The Last Airbender,59,normal,uncommon,1,108294,e8372167-383f-4302-a8ea-b6bf495c870c,0.16,false,false,false,near_mint,en,false,EUR,2026-10-05T16:13:48.626Z
Kreaturen,binder,Iguana Parrot,TLA,Avatar: The Last Airbender,56,normal,common,1,108235,7faa3e3d-c08a-4908-85ef-1370d3f90815,0.03,false,false,false,near_mint,en,false,EUR,2026-10-05T16:13:48.627Z
Kreaturen,binder,First-Time Flyer,TLA,Avatar: The Last Airbender,49,normal,common,1,108296,ea22d29d-3a62-4ae2-91d5-21a678be9b48,0.03,false,false,false,near_mint,en,false,EUR,2026-10-05T16:13:48.628Z
Kreaturen,binder,"Jeong Jeong, the Deserter",TLA,Avatar: The Last Airbender,142,normal,uncommon,1,109510,a9f63d3b-bee5-48bc-8b04-d8b24b0bda6e,0.1,false,false,false,near_mint,en,false,EUR,2026-10-05T16:13:48.629Z
Kreaturen,binder,"Ty Lee, Artful Acrobat",TLA,Avatar: The Last Airbender,158,normal,uncommon,1,109561,dcd9df24-272b-4aa1-b05f-6ee6b3d3dfe7,0.11,false,false,false,near_mint,en,false,EUR,2026-10-05T16:13:48.630Z
Kreaturen,binder,Treetop Freedom Fighters,TLA,Avatar: The Last Airbender,156,normal,common,1,109507,a9394200-7ffc-440f-8b5f-c08b7930133c,0.03,false,false,false,near_mint,en,false,EUR,2026-10-05T16:13:48.631Z
Kreaturen,binder,Gran-Gran,TLA,Avatar: The Last Airbender,54,normal,uncommon,1,109586,fa434b41-e5f7-4989-865a-95db67b05cb1,0.24,false,false,false,near_mint,en,false,EUR,2026-10-05T16:13:48.632Z
Kreaturen,binder,"Appa, Loyal Sky Bison",TLA,Avatar: The Last Airbender,9,normal,uncommon,1,109509,a9b2a843-c6fe-4d19-801e-1538e4381ab0,0.12,false,false,false,near_mint,en,false,EUR,2026-10-05T16:13:48.633Z
Kreaturen,binder,"Aang, the Last Airbender",TLA,Avatar: The Last Airbender,4,normal,uncommon,1,108175,245e008c-e073-443f-9592-6f628c0026ec,0.1,false,false,false,near_mint,en,false,EUR,2026-10-05T16:13:48.634Z
Kreaturen,binder,Vengeful Villagers,TLA,Avatar: The Last Airbender,40,normal,uncommon,1,109743,8cabb6ed-5c80-4dab-b96c-9d4d9fe72db7,0.05,false,false,false,near_mint,en,false,EUR,2026-10-05T16:13:48.635Z
Kreaturen,binder,Earth Rumble Wrestlers,TLA,Avatar: The Last Airbender,218,normal,common,1,109466,74fca0b8-12e1-405f-b999-160d65fe0ade,0.04,false,false,false,near_mint,en,false,EUR,2026-10-05T16:13:48.636Z
Sorcery,binder,Quarrel's End,LTR,The Lord of the Rings: Tales of Middle-earth,141,foil,common,1,83101,5a7e61a6-c602-4089-ae45-828d8e516a63,0.15,false,false,false,near_mint,en,false,EUR,2026-10-05T12:40:01.953Z
Sorcery,binder,Foray of Orcs,LTR,The Lord of the Rings: Tales of Middle-earth,417,normal,uncommon,1,83626,ef083f43-4748-42e6-bc22-fc2570db5ca3,0.09,false,false,false,near_mint,en,false,EUR,2026-10-05T12:40:01.954Z
Sorcery,binder,Foray of Orcs,LTR,The Lord of the Rings: Tales of Middle-earth,128,normal,uncommon,1,83116,5fea0c66-c776-4dc7-a235-f3822521cacd,0.06,false,false,false,near_mint,en,false,EUR,2026-10-05T12:40:01.959Z
Sorcery,binder,"Fear, Fire, Foes!",LTR,The Lord of the Rings: Tales of Middle-earth,125,normal,uncommon,1,82995,37be98a4-0cba-46b4-be93-a9805fe77160,0.13,false,false,false,near_mint,en,false,EUR,2026-10-05T12:40:01.960Z
Sorcery,binder,Quarrel's End,LTR,The Lord of the Rings: Tales of Middle-earth,141,normal,common,2,83101,5a7e61a6-c602-4089-ae45-828d8e516a63,0.06,false,false,false,near_mint,en,false,EUR,2026-10-05T12:40:01.964Z
Sorcery,binder,"Now for Wrath, Now for Ruin!",LTR,The Lord of the Rings: Tales of Middle-earth,24,normal,common,2,83475,c2e2c80d-7581-46ba-8237-7886b91c19b3,0.07,false,false,false,near_mint,en,false,EUR,2026-10-05T12:40:01.966Z
Sorcery,binder,Incinerating Blast,FDN,Foundations,90,normal,common,1,101603,d58e20ab-c5ca-4295-884d-78efdaa83243,0.05,false,false,false,near_mint,en,false,EUR,2026-10-05T12:40:01.968Z
Sorcery,binder,Elven Farsight,LTR,The Lord of the Rings: Tales of Middle-earth,161,normal,common,1,83195,73d135b2-d2b8-499c-84d9-824370c19ccc,0.11,false,false,false,near_mint,en,false,EUR,2026-10-05T12:40:01.969Z
Sorcery,binder,Biogenic Upgrade,FDN,Foundations,553,normal,uncommon,1,101618,ef20af5e-1ffe-426a-805a-ca4a6a122260,0.06,false,false,false,near_mint,en,false,EUR,2026-10-05T12:40:01.971Z
Sorcery,binder,Lórien Revealed,LTR,The Lord of the Rings: Tales of Middle-earth,60,normal,common,1,82850,0ce44270-a684-4489-9077-521456e6dfaa,3.74,false,false,false,near_mint,en,false,EUR,2026-10-05T12:40:01.972Z
Sorcery,binder,Revive the Shire,LTR,The Lord of the Rings: Tales of Middle-earth,185,normal,common,2,83045,46b7f493-1b57-4b07-8510-30703282f879,0.11,false,false,false,near_mint,en,false,EUR,2026-10-05T12:40:01.973Z
Sorcery,binder,Swarming of Moria,LTR,The Lord of the Rings: Tales of Middle-earth,150,normal,common,3,82842,0a1bd073-4351-4c56-9b07-4430d0d83084,0.11,false,false,false,near_mint,en,false,EUR,2026-10-05T12:40:01.955Z
Sorcery,binder,Lash of the Balrog,LTR,The Lord of the Rings: Tales of Middle-earth,408,normal,common,2,83360,a3bb0051-3ba3-4e22-9098-42ee0d9b645c,0.09,false,false,false,near_mint,en,false,EUR,2026-10-05T12:40:01.957Z
Sorcery,binder,Rally at the Hornburg,LTR,The Lord of the Rings: Tales of Middle-earth,142,normal,common,3,83622,ee7292f7-1c7e-449c-9c52-7584d6a14c2c,0.32,false,false,false,near_mint,en,false,EUR,2026-10-05T12:40:01.961Z
Sorcery,binder,Banish from Edoras,LTR,The Lord of the Rings: Tales of Middle-earth,1,normal,common,3,83363,a4410076-e1fe-45f3-a0ca-a91ab0133ff4,0.07,false,false,false,near_mint,en,false,EUR,2026-10-05T12:40:01.965Z
Sorcery,binder,Ent's Fury,LTR,The Lord of the Rings: Tales of Middle-earth,164,normal,common,2,83494,c7946af6-69ab-47a1-955c-1954a04752df,0.06,false,false,false,near_mint,en,false,EUR,2026-10-05T12:40:01.970Z
Sorcery,binder,Dragon Fodder,FDN,Foundations,535,normal,common,1,101626,f9abe517-f601-4784-8d62-2350bd755146,0.07,false,false,false,near_mint,en,false,EUR,2026-10-05T13:41:43.885Z
Sorcery,binder,Seize the Spoils,FDN,Foundations,546,normal,common,1,101619,efcf7e75-5de2-45cc-9275-caccd73214fa,0.26,false,false,false,near_mint,en,false,EUR,2026-10-05T13:41:43.886Z
Sorcery,binder,Cemetery Recruitment,FDN,Foundations,517,normal,common,1,100346,34a80873-86d7-44a9-894b-65e8f77dd2ea,0.17,false,false,false,near_mint,en,false,EUR,2026-10-05T13:41:43.887Z
Sorcery,binder,Eaten Alive,INR,Innistrad Remastered,106,normal,common,1,102431,143d278d-d99b-42da-9fbd-9ab70526d53a,0.1,false,false,false,near_mint,en,false,EUR,2026-10-05T13:41:43.888Z
Sorcery,binder,Angelic Edict,FDN,Foundations,490,normal,common,1,97190,c0bf349e-2974-4aea-a5c0-fdaea77325cc,0.05,false,false,false,near_mint,en,false,EUR,2026-10-05T13:48:47.509Z
Sorcery,binder,Many Partings,LTR,The Lord of the Rings: Tales of Middle-earth,445,foil,common,1,83204,7769f0ce-b31b-4cb5-8635-2b9b70114180,0.21,false,false,false,near_mint,en,false,EUR,2026-10-05T13:48:47.510Z
Sorcery,binder,Many Partings,LTR,The Lord of the Rings: Tales of Middle-earth,445,normal,common,2,83204,7769f0ce-b31b-4cb5-8635-2b9b70114180,0.12,false,false,false,near_mint,en,false,EUR,2026-10-05T13:48:47.511Z
Sorcery,binder,Claim the Precious,LTR,The Lord of the Rings: Tales of Middle-earth,81,normal,common,1,82862,121c12c4-83ea-463e-8fdf-30718968a2bd,0.11,false,false,false,near_mint,en,false,EUR,2026-10-05T13:48:47.512Z
Sorcery,binder,Mordor Muster,LTR,The Lord of the Rings: Tales of Middle-earth,96,normal,common,1,83385,aae2f15a-0629-453e-992c-a199af194a3c,0.09,false,false,false,near_mint,en,false,EUR,2026-10-05T13:48:47.513Z
Sorcery,binder,The Torment of Gollum,LTR,The Lord of the Rings: Tales of Middle-earth,110,normal,common,1,83441,ba2c8c25-1fa9-4cc4-a378-5eccc25bacf0,0.07,false,false,false,near_mint,en,false,EUR,2026-10-05T13:48:47.514Z
Sorcery,binder,Pym Particles,MSH,Marvel Super Heroes,70,normal,uncommon,1,113418,928dfa54-1ead-4eff-a538-36cb94f05b78,0.22,false,false,false,near_mint,en,false,EUR,2026-10-05T13:48:47.515Z
Sorcery,binder,Joraga Invocation,FDN,Foundations,555,normal,uncommon,1,100087,01ceca57-65f4-4f99-bd14-9fe5f86c1f62,0.13,false,false,false,near_mint,en,false,EUR,2026-10-05T13:48:47.516Z
Sorcery,binder,Felling Blow,FDN,Foundations,105,normal,uncommon,1,100854,96948ae3-b15d-4d6d-aa73-9f52084cd903,0.11,false,false,false,near_mint,en,false,EUR,2026-10-05T13:48:47.517Z
Sorcery,binder,Plasma Bolt,EOE,Edge of Eternities,152,normal,common,1,107307,a1a1834b-76c2-4496-b8c5-18b69ab34c4c,0.11,false,false,false,near_mint,en,false,EUR,2026-10-05T13:48:47.518Z
Sorcery,binder,Lucky Offering,NEO,Kamigawa: Neon Dynasty,27,normal,common,1,66660,24bbdeb0-9165-4874-a853-d19c20c250ef,0.06,false,false,false,near_mint,en,false,EUR,2026-10-05T13:48:47.519Z
Sorcery,binder,Emerge from the Cocoon,DSK,Duskmourn: House of Horror,5,normal,common,2,98813,3ba16fbf-2d44-4337-87cb-6ff6b84a258a,0.09,false,false,false,near_mint,en,false,EUR,2026-10-05T13:48:47.520Z
Sorcery,binder,Pox Plague,SOS,Secrets of Strixhaven,94,normal,rare,1,112653,9c99c17b-ad3a-4859-97e8-469718b81cd9,0.19,false,false,false,near_mint,en,false,EUR,2026-10-05T13:48:47.521Z
Sorcery,binder,Goblin Negotiation,FDN,Foundations,88,normal,uncommon,1,101335,f2016585-e26c-4d13-b09f-af6383c192f7,0.13,false,false,false,near_mint,en,false,EUR,2026-10-05T13:48:47.522Z
Sorcery,binder,Fractal Summoning,STX,Strixhaven: School of Mages,187,normal,common,1,58322,cc3f1f7e-eb19-49c1-a1ee-93b85ac8815c,0.05,false,false,false,near_mint,en,false,EUR,2026-10-05T13:48:47.523Z
Sorcery,binder,The Ring Goes South,LTR,The Lord of the Rings: Tales of Middle-earth,186,normal,rare,1,83010,3c8a4c7d-527c-49ea-a115-a9e747c0fd03,0.23,false,false,false,near_mint,en,false,EUR,2026-10-05T14:08:49.838Z
Sorcery,binder,Birthday Escape,LTR,The Lord of the Rings: Tales of Middle-earth,43,normal,common,1,83034,42db2313-b13d-4292-bef2-bf86f989d32f,0.11,false,false,false,near_mint,en,false,EUR,2026-10-05T14:08:49.847Z
Sorcery,binder,Split Up,DSK,Duskmourn: House of Horror,304,foil,rare,1,98637,7428a157-67e8-48fb-9882-54bf3ae001e3,2.5,false,false,false,near_mint,en,false,EUR,2026-10-05T14:08:49.856Z
Sorcery,binder,Many Partings,LTR,The Lord of the Rings: Tales of Middle-earth,176,normal,common,2,83528,d179dbbe-9c79-4dbc-955a-5209a3e2745a,0.1,false,false,false,near_mint,en,false,EUR,2026-10-05T14:08:49.836Z
Sorcery,binder,Treason of Isengard,LTR,The Lord of the Rings: Tales of Middle-earth,74,normal,common,4,83188,71f97505-c961-4890-acd0-32a63919ac2a,0.06,false,false,false,near_mint,en,false,EUR,2026-10-05T14:08:49.842Z
Sorcery,binder,Surrounded by Orcs,LTR,The Lord of the Rings: Tales of Middle-earth,73,normal,common,2,82905,1c50d4c8-2311-4394-b73f-389eb81e898b,0.05,false,false,false,near_mint,en,false,EUR,2026-10-05T14:08:49.844Z
Sorcery,binder,Horses of the Bruinen,LTR,The Lord of the Rings: Tales of Middle-earth,55,normal,uncommon,4,83659,f7725dc2-2654-4ffb-b6b3-510ae64ec6af,0.07,false,false,false,near_mint,en,false,EUR,2026-10-05T14:08:49.846Z
Sorcery,binder,Arwen's Gift,LTR,The Lord of the Rings: Tales of Middle-earth,39,normal,common,2,82969,30e1ec49-ad4f-4623-aeeb-dba07d6e6251,0.07,false,false,false,near_mint,en,false,EUR,2026-10-05T14:08:49.848Z
Sorcery,binder,The Black Breath,LTR,The Lord of the Rings: Tales of Middle-earth,78,normal,common,1,82916,1e63983d-c36b-4440-b9e1-baaa6c7c0ba9,0.08,false,false,false,near_mint,en,false,EUR,2026-10-05T14:42:42.669Z
Sorcery,binder,Sam's Desperate Rescue,LTR,The Lord of the Rings: Tales of Middle-earth,105,normal,common,1,83456,bdd4d735-8cda-47c1-865b-48b51ac8f666,0.16,false,false,false,near_mint,en,false,EUR,2026-10-05T14:42:42.670Z
Sorcery,binder,Fire of Orthanc,LTR,The Lord of the Rings: Tales of Middle-earth,127,normal,common,1,83332,9b5871c5-bb94-4803-93ba-cd1a630b00d6,0.06,false,false,false,near_mint,en,false,EUR,2026-10-05T14:42:42.681Z
Sorcery,binder,Shatterstorm,10E,Tenth Edition,229,normal,uncommon,1,25841,f7a1aa93-26d1-40b0-82d8-414f56a36337,0.17,false,false,false,near_mint,en,false,EUR,2026-10-05T14:42:42.682Z
Sorcery,binder,Breaking of the Fellowship,LTR,The Lord of the Rings: Tales of Middle-earth,117,normal,common,1,82865,130f60d0-4fac-4e4e-a938-58f3b96e5335,0.04,false,false,false,near_mint,en,false,EUR,2026-10-05T14:42:42.683Z
Sorcery,binder,Ringsight,LTR,The Lord of the Rings: Tales of Middle-earth,220,normal,uncommon,2,82992,3700a65c-6f54-4d56-9c6f-8364c45a058c,0.26,false,false,false,near_mint,en,false,EUR,2026-10-05T14:42:42.671Z
Sorcery,binder,Rise of the Witch-king,LTR,The Lord of the Rings: Tales of Middle-earth,221,normal,uncommon,2,83020,3f440fa1-5387-41d6-a80f-5b19dbb21514,0.22,false,false,false,near_mint,en,false,EUR,2026-10-05T14:42:42.672Z
Sorcery,binder,Gandalf's Sanction,LTR,The Lord of the Rings: Tales of Middle-earth,208,normal,uncommon,2,83286,8ebf2a25-9bee-4146-af83-f22aab6db2a8,0.12,false,false,false,near_mint,en,false,EUR,2026-10-05T14:42:42.674Z
Sorcery,binder,Shadow Summoning,LTR,The Lord of the Rings: Tales of Middle-earth,226,normal,uncommon,2,83619,ec0984b2-bed6-41b1-9087-2cfd16749037,0.11,false,false,false,near_mint,en,false,EUR,2026-10-05T14:42:42.675Z
Sorcery,binder,Ranger's Firebrand,LTR,The Lord of the Rings: Tales of Middle-earth,143,normal,uncommon,2,82831,06541200-fa4c-4b98-bdc4-44708fd2ddf6,0.07,false,false,false,near_mint,en,false,EUR,2026-10-05T14:42:42.680Z
Sorcery,binder,Circle of Power,FIN,Final Fantasy,92,normal,uncommon,1,106164,c969bd0f-f174-4e2f-b95c-c9ccd5d0b8ba,0.12,false,false,false,near_mint,en,false,EUR,2026-10-05T14:50:02.343Z
Sorcery,binder,Cleansing Nova,MSC,Marvel Super Heroes Commander,124,normal,rare,1,114152,670e4457-927e-42ed-a36f-28b60c2f7566,0.23,false,false,false,near_mint,en,false,EUR,2026-10-05T14:50:02.343Z
Sorcery,binder,Crux of Fate,FIC,Final Fantasy Commander,275,normal,rare,1,105926,4d507db6-29a6-4816-8e37-5b6e318d740f,0.52,false,false,false,near_mint,en,false,EUR,2026-10-05T14:50:02.343Z
Sorcery,binder,Cut a Deal,MSC,Marvel Super Heroes Commander,127,normal,uncommon,1,114121,088388a6-1cc3-4782-91af-504e70f40a97,0.18,false,false,false,near_mint,en,false,EUR,2026-10-05T14:50:02.343Z
Sorcery,binder,Exsanguinate,FIC,Final Fantasy Commander,276,normal,uncommon,1,105883,333c8e71-fe90-408c-aabd-c5b7d83d0f03,0.41,false,false,false,near_mint,en,false,EUR,2026-10-05T14:50:02.343Z
Sorcery,binder,Final Judgment,FIC,Final Fantasy Commander,243,normal,mythic,1,105904,438a7db0-8005-46ac-8dd1-e7e364fd2ba7,0.28,false,false,false,near_mint,en,false,EUR,2026-10-05T14:50:02.343Z
Sorcery,binder,Lingering Souls,FRC,Reality Fracture Commander,27,normal,uncommon,2,116953,e5b16141-d185-4be2-97c1-5b0ef5483728,0.24,false,false,false,near_mint,en,false,EUR,2026-10-05T14:50:02.343Z
Sorcery,binder,Rite of Replication,SOC,Secrets of Strixhaven Commander,202,normal,rare,1,111932,5032d71d-d9f8-498c-97d1-271c2e9c1c47,0.2,false,false,false,near_mint,en,false,EUR,2026-10-05T14:50:02.343Z
Sorcery,binder,Syphon Mind,MSC,Marvel Super Heroes Commander,159,normal,common,1,114258,be3f418b-25c3-4370-a1de-50e8e88c2ef6,0.19,false,false,false,near_mint,en,false,EUR,2026-10-05T14:50:02.343Z
Sorcery,binder,Vindicate,FIC,Final Fantasy Commander,330,normal,rare,1,105842,1b2c1bf2-d03a-4cd5-ab51-26c928949497,0.59,false,false,false,near_mint,en,false,EUR,2026-10-05T14:50:02.343Z
Sorcery,binder,Blasphemous Act,MSC,Marvel Super Heroes Commander,163,normal,rare,1,114244,7d4b1d44-126e-4987-9a9f-f0f9627a09cb,1.52,false,false,false,near_mint,en,false,EUR,2026-10-05T14:50:51.162Z
Sorcery,binder,Cultivate,MSC,Marvel Super Heroes Commander,172,normal,common,1,114189,e60deb92-f7dd-4f4e-9036-e47dd586f985,0.5,false,false,false,near_mint,en,false,EUR,2026-10-05T14:50:51.162Z
Sorcery,binder,Escape to the Wilds,EOC,Edge of Eternities Commander,115,normal,rare,1,107084,889cdc42-fae3-4dda-9cf0-697730ef00e3,0.19,false,false,false,near_mint,en,false,EUR,2026-10-05T14:50:51.162Z
Sorcery,binder,Farseek,MSC,Marvel Super Heroes Commander,815,normal,common,1,113720,598f6334-4baf-4f9a-a70c-0cc1e8af68c9,0.86,false,false,false,near_mint,en,false,EUR,2026-10-05T14:50:51.162Z
Sorcery,binder,Formless Genesis,EOC,Edge of Eternities Commander,96,normal,rare,1,107130,b2222cae-2b12-4163-ab1b-7d315877ee8d,0.15,false,false,false,near_mint,en,false,EUR,2026-10-05T14:50:51.162Z
Sorcery,binder,Gaze of Granite,EOC,Edge of Eternities Commander,116,normal,rare,1,107100,97cf4cd8-9cb5-482e-92ca-da657b410e48,0.2,false,false,false,near_mint,en,false,EUR,2026-10-05T14:50:51.162Z
Sorcery,binder,Nature's Lore,MSC,Marvel Super Heroes Commander,177,normal,common,1,114313,7afc4a15-5ff8-457a-aa62-803b2d78d912,2.78,false,false,false,near_mint,en,false,EUR,2026-10-05T14:50:51.162Z
Sorcery,binder,Night's Whisper,HOC,The Hobbit Eternal,189,normal,common,1,115252,e8399c2e-ecc8-41c9-a690-a0eeafb27f77,3.95,false,false,false,near_mint,en,false,EUR,2026-10-05T14:50:51.162Z
Sorcery,binder,Pest Infestation,SOC,Secrets of Strixhaven Commander,282,normal,rare,1,112120,c9b8626d-d3d8-4460-9adf-112f48f173f6,0.73,false,false,false,near_mint,en,false,EUR,2026-10-05T14:50:51.162Z
Sorcery,binder,Planetary Annihilation,EOC,Edge of Eternities Commander,12,normal,rare,1,107083,8695796f-b6ed-46db-b1b8-07ed0cc5a5e5,0.32,false,false,false,near_mint,en,false,EUR,2026-10-05T14:50:51.162Z
Sorcery,binder,Skyshroud Claim,EOC,Edge of Eternities Commander,107,normal,common,1,107082,860c0808-3ec1-4182-bf83-783720a02780,1.13,false,false,false,near_mint,en,false,EUR,2026-10-05T14:50:51.162Z
Sorcery,binder,Splendid Reclamation,EOC,Edge of Eternities Commander,108,normal,rare,1,107040,63c7f172-0aec-4629-967c-37253aed0f0d,0.77,false,false,false,near_mint,en,false,EUR,2026-10-05T14:50:51.162Z
Sorcery,binder,Worldsoul's Rage,EOC,Edge of Eternities Commander,130,normal,rare,1,106965,1a54246e-1e22-4660-b2c8-fdfa2110b4fe,0.26,false,false,false,near_mint,en,false,EUR,2026-10-05T14:50:51.162Z
Sorcery,binder,Martial Coup,FRC,Reality Fracture Commander,28,normal,rare,1,116881,5c4d0ad9-4d57-4e5c-b478-059220f5b1dd,0.16,false,false,false,near_mint,en,false,EUR,2026-10-05T14:51:52.534Z
Sorcery,binder,Mass Polymorph,FRC,Reality Fracture Commander,42,normal,rare,1,116923,b29db023-28d0-411d-864a-8f1e22ae1f74,0.15,false,false,false,near_mint,en,false,EUR,2026-10-05T14:51:52.534Z
Sorcery,binder,Sunfall,FRC,Reality Fracture Commander,36,normal,rare,1,116915,a560b9a7-4c00-4c0c-b63d-774d3f6b9aa9,0.22,false,false,false,near_mint,en,false,EUR,2026-10-05T14:51:52.534Z
Sorcery,binder,White Sun's Twilight,FRC,Reality Fracture Commander,38,normal,rare,1,116920,ae7a778c-f4a7-447f-90f0-146997e03398,0.07,false,false,false,near_mint,en,false,EUR,2026-10-05T14:51:52.534Z
Sorcery,binder,Chain Reaction,SOC,Secrets of Strixhaven Commander,121,normal,rare,1,111973,6f34d11e-8452-448f-be4f-838e0ace9904,0.19,false,false,false,near_mint,en,false,EUR,2026-10-05T14:52:36.618Z
Sorcery,binder,Fumigate,EOC,Edge of Eternities Commander,65,normal,rare,1,107302,976f6850-e646-4b51-a103-25240658672d,0.29,false,false,false,near_mint,en,false,EUR,2026-10-05T14:52:36.618Z
Sorcery,binder,Organic Extinction,EOC,Edge of Eternities Commander,66,normal,rare,1,107340,daaa7b7e-76fc-47a0-a58d-1169be1aa335,0.29,false,false,false,near_mint,en,false,EUR,2026-10-05T14:52:36.618Z
Sorcery,binder,Tezzeret's Gambit,EOC,Edge of Eternities Commander,47,normal,uncommon,1,107249,29ad5bb3-927d-41d0-a000-3826ea117e52,0.16,false,false,false,near_mint,en,false,EUR,2026-10-05T14:52:36.618Z
Sorcery,binder,Universal Surveillance,EOC,Edge of Eternities Commander,81,normal,rare,1,107285,77e9ef36-bc1b-4919-9bb5-8fd6b2d431cc,0.13,false,false,false,near_mint,en,false,EUR,2026-10-05T14:52:36.618Z
Sorcery,binder,Wake the Past,EOC,Edge of Eternities Commander,128,normal,rare,1,107238,1a58dad4-0189-4e28-a9e1-0b15aa5d84eb,0.27,false,false,false,near_mint,en,false,EUR,2026-10-05T14:52:36.618Z
Sorcery,binder,Austere Command,FIC,Final Fantasy Commander,231,normal,rare,1,106053,93e3dbd9-20f6-47a2-8246-c260b2ead9dc,0.49,false,false,false,near_mint,en,false,EUR,2026-10-05T14:53:24.662Z
Sorcery,binder,Cultivate,FIC,Final Fantasy Commander,300,normal,common,1,105818,0c5f5297-fe94-44df-9004-427640196afd,0.54,false,false,false,near_mint,en,false,EUR,2026-10-05T14:53:24.662Z
Sorcery,binder,Decimate,FIC,Final Fantasy Commander,323,normal,rare,1,106192,dae88c31-77a5-40aa-84be-d74b4545a6ee,0.23,false,false,false,near_mint,en,false,EUR,2026-10-05T14:53:24.662Z
Sorcery,binder,Harmonize,FIC,Final Fantasy Commander,308,normal,uncommon,1,106058,978410dd-aace-4a70-8028-6dd11c14156e,0.24,false,false,false,near_mint,en,false,EUR,2026-10-05T14:53:24.662Z
Sorcery,binder,Nature's Lore,FIC,Final Fantasy Commander,311,normal,common,1,105794,01c2b71a-492d-431c-90ba-173781ba8815,2.87,false,false,false,near_mint,en,false,EUR,2026-10-05T14:53:24.662Z
Sorcery,binder,Rampant Growth,FIC,Final Fantasy Commander,313,normal,common,1,106239,f3b48473-b53d-4c85-b970-7ee09a1eefd2,0.54,false,false,false,near_mint,en,false,EUR,2026-10-05T14:53:24.662Z
Sorcery,binder,Secret Rendezvous,FIC,Final Fantasy Commander,217,normal,uncommon,1,105586,3219a87c-1b92-4777-ac5d-c78f3ddf35d2,5.49,false,false,false,near_mint,en,false,EUR,2026-10-05T14:53:24.662Z
Sorcery,binder,Unfinished Business,FIC,Final Fantasy Commander,259,normal,rare,1,105993,76c9b6c1-05de-4c16-8ebf-ea68aa110a69,0.25,false,false,false,near_mint,en,false,EUR,2026-10-05T14:53:24.662Z
Sorcery,binder,Vandalblast,FIC,Final Fantasy Commander,298,normal,uncommon,1,106068,9b5a8df2-2bc0-408c-a9d2-e70c0f56642d,2.23,false,false,false,near_mint,en,false,EUR,2026-10-05T14:53:24.662Z
Sorcery,binder,Vanquish the Horde,FIC,Final Fantasy Commander,260,normal,rare,1,105948,5bb0f6ec-6448-40bd-a819-b828b85b2118,0.33,false,false,false,near_mint,en,false,EUR,2026-10-05T14:53:24.662Z
Sorcery,binder,Become the Avalanche,TDC,Tarkir: Dragonstorm Commander,43,normal,rare,1,105053,f49b7b11-ce78-44c4-98c2-dc8e2332c667,0.39,false,false,false,near_mint,en,false,EUR,2026-10-05T14:54:05.937Z
Sorcery,binder,Blasphemous Act,SOC,Secrets of Strixhaven Commander,238,normal,rare,1,111853,175eb155-7262-4c2e-85c3-e0cc9be855e5,1.55,false,false,false,near_mint,en,false,EUR,2026-10-05T14:54:05.937Z
Sorcery,binder,Farseek,TDC,Tarkir: Dragonstorm Commander,255,normal,common,1,104833,9cc7c928-2e45-4653-883d-d13166ccb0df,0.95,false,false,false,near_mint,en,false,EUR,2026-10-05T14:54:05.937Z
Sorcery,binder,Genesis Wave,LTC,Tales of Middle-earth Commander,245,normal,rare,1,83082,546c3b8d-6218-4786-bf16-22c6d3718361,0.44,false,false,false,near_mint,en,false,EUR,2026-10-05T14:54:05.937Z
Sorcery,binder,Kodama's Reach,ECC,Lorwyn Eclipsed Commander,113,normal,common,1,110568,90c423cc-1264-4067-9c50-e7c88c68ef2d,1.54,false,false,false,near_mint,en,false,EUR,2026-10-05T14:54:05.937Z
Sorcery,binder,Selvala's Stampede,TDC,Tarkir: Dragonstorm Commander,269,normal,rare,1,104905,b84e46c2-f3ea-49ff-8f8b-58aa6a1175a4,0.55,false,false,false,near_mint,en,false,EUR,2026-10-05T14:54:05.937Z
Sorcery,binder,Will of the Temur,TDC,Tarkir: Dragonstorm Commander,24,normal,rare,1,104978,d236aa15-f60c-4368-b796-4d41e0bc3358,1.15,false,false,false,near_mint,en,false,EUR,2026-10-05T14:54:05.937Z
Sorcery,binder,Mind Spring,BLB,Bloomburrow,389,normal,rare,1,96134,e7e7d174-eb7c-41ad-a241-cfbfdc71e3a7,0.22,false,false,false,near_mint,en,false,EUR,2026-10-05T15:02:10.355Z
Sorcery,binder,Pearl of Wisdom,BLB,Bloomburrow,64,normal,common,3,95625,13cb9575-1138-4f99-8e90-0eaf00bdf4a1,0.07,false,false,false,near_mint,en,false,EUR,2026-10-05T15:02:10.355Z
Sorcery,binder,Hop to It,BLB,Bloomburrow,16,normal,uncommon,3,95851,ee7207f8-5daa-42af-aeea-7a489047110b,0.21,false,false,false,near_mint,en,false,EUR,2026-10-05T15:02:36.586Z
Sorcery,binder,Rabid Bite,BLB,Bloomburrow,394,normal,common,1,96036,53a73200-b798-4bfd-a431-8b94e17b70be,0.12,false,false,false,near_mint,en,false,EUR,2026-10-05T15:02:36.586Z
Sorcery,binder,Moment of Glory,HOB,The Hobbit,21,normal,common,1,115130,0a6a6ff0-b1cd-4b06-bd31-612690094e0e,0.11,false,false,false,near_mint,en,false,EUR,2026-10-05T15:30:11.305Z
Sorcery,binder,Tidings of War,HOB,The Hobbit,115,normal,common,1,115160,38c16a0a-375e-48cb-9720-dbbc08c603ae,0.04,false,false,false,near_mint,en,false,EUR,2026-10-05T15:30:11.306Z
Sorcery,binder,Gnashing of Teeth,HOB,The Hobbit,69,normal,uncommon,1,114927,5d485d70-c7b9-40a4-9089-5e7f1c2b9213,0.07,false,false,false,near_mint,en,false,EUR,2026-10-05T15:30:11.307Z
Sorcery,binder,Rage into the Valley,HOB,The Hobbit,200,normal,common,1,115158,349d7464-e778-4a24-a528-d31d36ff4799,0.08,false,false,false,near_mint,en,false,EUR,2026-10-05T15:30:11.308Z
Sorcery,binder,Through the Forest Gate,HOB,The Hobbit,137,normal,rare,1,114978,880adfc8-69cf-4062-a804-e65b6cb6056d,0.62,false,false,false,near_mint,en,false,EUR,2026-10-05T15:30:11.309Z
Sorcery,binder,Troll Negotiations,HOB,The Hobbit,138,normal,uncommon,1,115112,ca0f7bf4-b8a2-4ec4-ad7e-b639de9fa76a,0.07,false,false,false,near_mint,en,false,EUR,2026-10-05T15:30:11.310Z
Sorcery,binder,Bot Bashing Time,TMT,Teenage Mutant Ninja Turtles,85,normal,common,1,111552,08b3af61-d516-45ca-aede-2f50ba23cb07,0.04,false,false,false,near_mint,en,false,EUR,2026-10-05T15:30:11.311Z
Sorcery,binder,Cowabunga!,TMT,Teenage Mutant Ninja Turtles,113,normal,common,1,111183,0ffce972-bed9-445a-a9a0-4816f156d88d,0.06,false,false,false,near_mint,en,false,EUR,2026-10-05T15:30:11.312Z
Sorcery,binder,Seize the Day,MSC,Marvel Super Heroes Commander,166,normal,rare,1,114168,9cb5d064-f474-4db9-b349-b9f71c587742,1.93,false,false,false,near_mint,en,false,EUR,2026-10-05T15:30:11.313Z
Sorcery,binder,Fantastic Bounce,MSC,Marvel Super Heroes Commander,620,normal,common,1,113773,715ccf9c-5f3b-49b7-a8c3-704cd5fb7731,0.1,false,false,false,near_mint,en,false,EUR,2026-10-05T15:30:11.314Z
Sorcery,binder,Rage into the Valley,HOB,The Hobbit,79,normal,common,1,115104,8651958c-3b94-47a9-a751-faf8f6236a42,0.06,false,false,false,near_mint,en,false,EUR,2026-10-05T15:30:11.315Z
Sorcery,binder,Ultimate Magic: Meteor,FIC,Final Fantasy Commander,62,normal,rare,1,106129,b5b0f0fd-574a-4ae7-ab55-b815112d6b3a,0.31,false,false,false,near_mint,en,false,EUR,2026-10-05T15:30:11.316Z
Sorcery,binder,Avengers Disassembled,MSH,Marvel Super Heroes,302,normal,rare,1,113425,c1e9b598-a3a4-4d31-8f74-532415725b70,1.38,false,false,false,near_mint,en,false,EUR,2026-10-05T15:30:11.317Z
Sorcery,binder,Living Death,DSC,Duskmourn: House of Horror Commander,373,foil,mythic,1,98622,47b2b383-393e-49c7-be0f-0fb8ffb39287,6.82,false,false,false,near_mint,en,false,EUR,2026-10-05T15:30:11.318Z
Sorcery,binder,Unnerving Grasp,DSK,Duskmourn: House of Horror,80,normal,uncommon,1,99158,5602756d-76d2-4502-965f-36fc44596123,0.11,false,false,false,near_mint,en,false,EUR,2026-10-05T15:30:11.320Z
Sorcery,binder,Commune with Evil,DSK,Duskmourn: House of Horror,87,normal,uncommon,1,98876,9ab94ebe-b51b-4c6f-af43-0ed80e2808a3,0.06,false,false,false,near_mint,en,false,EUR,2026-10-05T15:30:11.322Z
Sorcery,binder,Beastie Beatdown,DSK,Duskmourn: House of Horror,210,normal,uncommon,1,99176,5f889c95-46af-4fd9-aff2-573d5384fd58,0.09,false,false,false,near_mint,en,false,EUR,2026-10-05T15:30:11.323Z
Sorcery,binder,Pyroclasm,DSK,Duskmourn: House of Horror,149,normal,uncommon,1,98703,4391b0af-2f26-4a45-9e2a-5bd8e9838107,0.27,false,false,false,near_mint,en,false,EUR,2026-10-05T15:30:11.324Z
Sorcery,binder,Cathartic Parting,DSK,Duskmourn: House of Horror,171,normal,uncommon,1,98983,6afc250a-854d-4555-ba78-db9283fa7c22,0.08,false,false,false,near_mint,en,false,EUR,2026-10-05T15:30:11.325Z
Sorcery,binder,Vengeful Possession,DSK,Duskmourn: House of Horror,162,normal,uncommon,1,98924,d6918d50-a4c3-40d8-9480-343f14773a69,0.08,false,false,false,near_mint,en,false,EUR,2026-10-05T15:30:11.326Z
Sorcery,binder,Midnight Mayhem,DSK,Duskmourn: House of Horror,222,normal,uncommon,1,98822,4fc0b94f-08b3-4fb6-9b09-2f3a215203ca,0.06,false,false,false,near_mint,en,false,EUR,2026-10-05T15:30:11.327Z
Sorcery,binder,Monstrous Emergence,DSK,Duskmourn: House of Horror,191,normal,common,1,99316,b999eb47-b842-47f1-be91-c79fc46e1896,0.18,false,false,false,near_mint,en,false,EUR,2026-10-05T15:30:11.328Z
Sorcery,binder,Coordinated Clobbering,DSK,Duskmourn: House of Horror,173,normal,uncommon,2,98920,d498cd5d-5807-4297-bc8a-c0941f2f5ce2,0.08,false,false,false,near_mint,en,false,EUR,2026-10-05T15:30:11.319Z
Sorcery,binder,Avatar's Wrath,TLA,Avatar: The Last Airbender,12,normal,rare,1,109423,4811072d-fac0-40dd-a5cf-9694d51b12cf,3.93,false,false,false,near_mint,en,false,EUR,2026-10-05T15:43:06.835Z
Sorcery,binder,Shadow of the Enemy,LTR,The Lord of the Rings: Tales of Middle-earth,107,normal,mythic,1,83591,e47cab70-55cb-481c-b4cd-32a41251f210,1.1,false,false,false,near_mint,en,false,EUR,2026-10-05T15:43:06.836Z
Sorcery,binder,Balance of Power,8ED,Eighth Edition,62,normal,rare,1,30474,83f46988-c3ee-42e9-ade6-0b6302b8b952,0.28,false,false,false,near_mint,en,false,EUR,2026-10-05T15:43:06.837Z
Sorcery,binder,Glacial Revelation,MH1,Modern Horizons,167,normal,uncommon,1,44767,f615a5e9-deec-46cc-9444-de81cb0da9c0,0.25,false,false,false,near_mint,en,false,EUR,2026-10-05T16:15:28.702Z
Sorcery,binder,Earthbending Lesson,TLA,Avatar: The Last Airbender,176,normal,common,1,108142,eccd63b3-3a3a-4661-9d6e-fb8152429bdb,0.08,false,false,false,near_mint,en,false,EUR,2026-10-05T16:15:28.703Z
Sorcery,binder,Earth Rumble,TLA,Avatar: The Last Airbender,174,normal,uncommon,1,108218,62730505-56f1-4043-a8b9-4fb7bc508b47,0.05,false,false,false,near_mint,en,false,EUR,2026-10-05T16:15:28.704Z
Sorcery,binder,Rockalanche,TLA,Avatar: The Last Airbender,192,normal,uncommon,1,109701,52b213d3-6f68-43e6-91e9-435d8fe1f34c,0.08,false,false,false,near_mint,en,false,EUR,2026-10-05T16:15:28.705Z
Sorcery,binder,True Ancestry,TLA,Avatar: The Last Airbender,199,normal,uncommon,1,109486,8c55b333-dc8b-4332-895b-eec5eb45543f,0.21,false,false,false,near_mint,en,false,EUR,2026-10-05T16:15:28.706Z
Sorcery,binder,Seismic Sense,TLA,Avatar: The Last Airbender,195,normal,uncommon,1,109506,a7b93c2a-c478-4734-8aca-03f3e9c11b20,0.22,false,false,false,near_mint,en,false,EUR,2026-10-05T16:15:28.707Z
Sorcery,binder,Ozai's Cruelty,TLA,Avatar: The Last Airbender,113,normal,uncommon,1,108173,22cad680-d46a-4589-a633-b6ee9a78d61e,0.18,false,false,false,near_mint,en,false,EUR,2026-10-05T16:15:28.708Z
Sorcery,binder,Epic Downfall,TLA,Avatar: The Last Airbender,96,normal,uncommon,1,108189,3b4a6804-04f5-4467-bb1c-9466a47bc55f,0.09,false,false,false,near_mint,en,false,EUR,2026-10-05T16:15:28.709Z
Sorcery,binder,Dai Li Indoctrination,TLA,Avatar: The Last Airbender,93,normal,common,1,108299,eca652b8-44f1-4bd9-b4bf-036eeead13aa,0.11,false,false,false,near_mint,en,false,EUR,2026-10-05T16:15:28.710Z
Sorcery,binder,Deadly Precision,TLA,Avatar: The Last Airbender,95,normal,common,1,109422,4661daf6-d960-4278-8946-70948efaf99d,0.1,false,false,false,near_mint,en,false,EUR,2026-10-05T16:15:28.711Z
Sorcery,binder,Ember Island Production,TLA,Avatar: The Last Airbender,48,normal,uncommon,1,109379,0f79a7fc-36b1-4397-8e67-6638379d3a38,0.22,false,false,false,near_mint,en,false,EUR,2026-10-05T16:15:28.712Z
Sorcery,binder,Waterbending Lesson,TLA,Avatar: The Last Airbender,80,normal,common,1,108207,4f81e3b5-a0a9-4764-8c2d-b499ce1740b4,0.07,false,false,false,near_mint,en,false,EUR,2026-10-05T16:15:28.713Z
Sorcery,binder,Gather the White Lotus,TLA,Avatar: The Last Airbender,20,normal,uncommon,1,109495,96e2b3d0-f060-4f3c-9d12-a0444b202008,0.1,false,false,false,near_mint,en,false,EUR,2026-10-05T16:15:28.714Z
Sorcery,binder,Destined Confrontation,TLA,Avatar: The Last Airbender,15,normal,uncommon,1,109803,d4605cf7-03bc-4a7f-b50a-49b83b09b54d,0.15,false,false,false,near_mint,en,false,EUR,2026-10-05T16:15:28.715Z
Sorcery,binder,Bumi Bash,TLA,Avatar: The Last Airbender,125,normal,common,1,109571,e8895479-26cb-4ee8-98ca-6d46c43f0dbd,0.05,false,false,false,near_mint,en,false,EUR,2026-10-05T16:15:28.716Z
Sorcery,binder,Jet's Brainwashing,TLA,Avatar: The Last Airbender,143,normal,uncommon,1,109519,b17e8bdb-4b91-4a9d-bfe1-8a55f0bd040b,0.07,false,false,false,near_mint,en,false,EUR,2026-10-05T16:15:28.720Z
Sorcery,binder,Aang's Journey,TLA,Avatar: The Last Airbender,1,normal,common,1,108119,5e51f727-5a9b-4bc7-83a9-dbcf1c933e15,0.07,false,false,false,near_mint,en,false,EUR,2026-10-05T16:15:28.721Z
Sorcery,binder,Shared Roots,TLA,Avatar: The Last Airbender,196,normal,uncommon,1,109570,e7847ba5-e85e-417f-96c0-aef2e6f83994,0.74,false,false,false,near_mint,en,false,EUR,2026-10-05T16:15:28.722Z
Sorcery,binder,Zenith Festival,TDC,Tarkir: Dragonstorm Commander,41,normal,rare,1,104797,8cffd86b-1f4a-4e1c-a5a0-f467ecd8f63b,0.38,false,false,false,near_mint,en,false,EUR,2026-10-05T16:15:28.723Z
Sorcery,binder,Storm's Wrath,TDC,Tarkir: Dragonstorm Commander,236,normal,rare,1,104716,6d064aff-711f-4670-b786-a74265bdf44a,0.19,false,false,false,near_mint,en,false,EUR,2026-10-05T16:15:28.724Z
Sorcery,binder,Migration Path,TDC,Tarkir: Dragonstorm Commander,262,normal,uncommon,1,104492,21e3dfad-69b6-416c-966b-0d9c876d22fe,0.27,false,false,false,near_mint,en,false,EUR,2026-10-05T16:15:28.725Z
Sorcery,binder,Iroh's Demonstration,TLA,Avatar: The Last Airbender,141,normal,uncommon,3,109643,18d15fed-1f8f-4407-a221-a47ce75001a8,0.32,false,false,false,near_mint,en,false,EUR,2026-10-05T16:15:28.717Z
Instants,binder,Scorching Dragonfire,FDN,Foundations,545,normal,common,1,101507,44ea09c1-d420-4e99-a968-ade614579287,0.18,false,false,false,near_mint,en,false,EUR,2026-10-05T12:41:07.742Z
Instants,binder,Reprieve,LTR,The Lord of the Rings: Tales of Middle-earth,26,normal,uncommon,2,82902,1bd3fa8a-6c50-4f7f-9ae3-0810eec5e3db,0.77,false,false,false,near_mint,en,false,EUR,2026-10-05T12:41:07.743Z
Instants,binder,Moment of Triumph,FDN,Foundations,500,normal,common,1,97183,911deea0-38d2-41d9-a2ae-fb8eb45b2c23,0.35,false,false,false,near_mint,en,false,EUR,2026-10-05T12:41:07.745Z
Instants,binder,Smite the Deathless,LTR,The Lord of the Rings: Tales of Middle-earth,148,normal,common,1,83271,8b716fcc-c4cc-4987-be82-2897a9888d23,0.08,false,false,false,near_mint,en,false,EUR,2026-10-05T12:41:07.746Z
Instants,binder,Broken Wings,FDN,Foundations,214,normal,common,1,100584,61f9cbeb-cc9c-4562-be65-8a77053faefe,0.08,false,false,false,near_mint,en,false,EUR,2026-10-05T12:41:07.750Z
Instants,binder,Bombadil's Song,LTR,The Lord of the Rings: Tales of Middle-earth,154,normal,common,1,83137,6391699e-987a-499f-9fec-96f2362760b9,0.1,false,false,false,near_mint,en,false,EUR,2026-10-05T12:41:07.751Z
Instants,binder,Improvised Club,LTR,The Lord of the Rings: Tales of Middle-earth,137,normal,common,2,83432,b8397d13-eeaf-4b4e-b3cd-9a9ac231873a,0.12,false,false,false,near_mint,en,false,EUR,2026-10-05T12:41:07.739Z
Instants,binder,Lost to Legend,LTR,The Lord of the Rings: Tales of Middle-earth,22,normal,uncommon,3,83480,c4e40481-aeaa-4b3d-a020-e9b6d7c11992,0.05,false,false,false,near_mint,en,false,EUR,2026-10-05T12:41:07.741Z
Instants,binder,Entish Restoration,LTR,The Lord of the Rings: Tales of Middle-earth,163,normal,uncommon,2,83513,cd4dbf80-187b-40e3-9e0b-526f78d9a34e,1.81,false,false,false,near_mint,en,false,EUR,2026-10-05T12:41:07.748Z
Instants,binder,Kindled Fury,FDN,Foundations,542,normal,common,1,101580,af158462-91e3-4ad7-b435-95d4eb32fe0a,0.04,false,false,false,near_mint,en,false,EUR,2026-10-05T13:40:46.688Z
Instants,binder,Fiery Annihilation,FDN,Foundations,86,normal,uncommon,1,100523,54fe00aa-d284-48f9-b5a2-1bd4c5fa8e58,0.11,false,false,false,near_mint,en,false,EUR,2026-10-05T13:40:46.689Z
Instants,binder,Cancel,FDN,Foundations,505,normal,common,1,100443,475bff39-220a-4490-9c2e-d311e306a6db,0.25,false,false,false,near_mint,en,false,EUR,2026-10-05T13:40:46.690Z
Instants,binder,Opt,FDN,Foundations,512,normal,common,1,100539,58d26b54-0093-4e90-a2b1-b57c64340f9c,0.09,false,false,false,near_mint,en,false,EUR,2026-10-05T13:40:46.691Z
Instants,binder,Fleeting Distraction,FDN,Foundations,155,normal,common,2,101587,c0b86a7b-4912-43a7-ab89-c3432385baa1,0.05,false,false,false,near_mint,en,false,EUR,2026-10-05T13:40:46.692Z
Instants,binder,Into the Roil,FDN,Foundations,509,normal,common,1,101486,25edefa9-9fff-4b71-83ae-696c196a795c,0.08,false,false,false,near_mint,en,false,EUR,2026-10-05T13:40:46.693Z
Instants,binder,Quick Study,FDN,Foundations,513,normal,common,1,101473,098c86fd-5a38-41fd-be44-ab963448f2a2,0.22,false,false,false,near_mint,en,false,EUR,2026-10-05T13:40:46.694Z
Instants,binder,Hero's Downfall,FDN,Foundations,175,normal,uncommon,1,97185,ad2c01d9-8f54-46c0-9dc9-d4d4764ce1c9,0.11,false,false,false,near_mint,en,false,EUR,2026-10-05T13:40:46.695Z
Instants,binder,Offer Immortality,FDN,Foundations,525,normal,common,1,97180,6d5802ed-507d-4a52-90e3-d989cd61961b,0.2,false,false,false,near_mint,en,false,EUR,2026-10-05T13:40:46.696Z
Instants,binder,Moment of Craving,FDN,Foundations,524,normal,common,1,97174,3627f9fb-b828-49cd-887d-e2ab3ef43dfb,0.12,false,false,false,near_mint,en,false,EUR,2026-10-05T13:40:46.697Z
Instants,binder,Deadly Plot,FDN,Foundations,520,normal,uncommon,1,101012,b32fddc3-a38f-4eea-ae01-4158e3cbca6c,0.3,false,false,false,near_mint,en,false,EUR,2026-10-05T13:40:46.698Z
Instants,binder,Undying Malice,FDN,Foundations,528,normal,common,1,100858,97b3cf11-e352-4ee1-8c03-13898f576ef9,0.65,false,false,false,near_mint,en,false,EUR,2026-10-05T13:40:46.699Z
Instants,binder,Elspeth's Smite,FDN,Foundations,493,normal,uncommon,1,97186,b405a442-cf6f-4c0b-9950-f208b30c052e,0.43,false,false,false,near_mint,en,false,EUR,2026-10-05T13:40:46.700Z
Instants,binder,Adamant Will,FDN,Foundations,488,normal,common,1,101483,1fd2c9ab-b3dd-4f68-b91f-0f075a045757,0.1,false,false,false,near_mint,en,false,EUR,2026-10-05T13:40:46.701Z
Instants,binder,Stew the Coneys,LTR,The Lord of the Rings: Tales of Middle-earth,189,normal,uncommon,1,83455,bcc7c41c-f416-457e-91ba-1f338f45eeac,0.07,false,false,false,near_mint,en,false,EUR,2026-10-05T13:46:21.642Z
Instants,binder,Pippin's Bravery,LTR,The Lord of the Rings: Tales of Middle-earth,182,foil,common,1,83453,bc60dc65-6813-4d57-877b-df195ed00d00,0.18,false,false,false,near_mint,en,false,EUR,2026-10-05T13:46:21.643Z
Instants,binder,Escape from Orthanc,LTR,The Lord of the Rings: Tales of Middle-earth,12,normal,common,1,83644,f4ff3330-dcca-4435-87e7-871be91a68b0,0.06,false,false,false,near_mint,en,false,EUR,2026-10-05T13:46:21.644Z
Instants,binder,You Cannot Pass!,LTR,The Lord of the Rings: Tales of Middle-earth,38,normal,uncommon,3,82859,116d4030-acd2-4aa2-8254-aaaff1264459,0.09,false,false,false,near_mint,en,false,EUR,2026-10-05T13:46:21.648Z
Instants,binder,Giant Growth,FDN,Foundations,223,normal,common,1,101073,bd0bf74e-14c1-4428-88d8-2181a080b5d0,0.08,false,false,false,near_mint,en,false,EUR,2026-10-05T13:46:21.649Z
Instants,binder,Second Breakfast,LTR,The Lord of the Rings: Tales of Middle-earth,29,normal,common,2,82814,002f647a-25f8-461b-8617-52674f5d577c,0.08,false,false,false,near_mint,en,false,EUR,2026-10-05T13:46:21.650Z
Instants,binder,Nasty End,LTR,The Lord of the Rings: Tales of Middle-earth,99,normal,common,2,83477,c34f88d7-15a1-434f-88d7-3d4fcf406d54,0.08,false,false,false,near_mint,en,false,EUR,2026-10-05T13:46:21.651Z
Instants,binder,Bite Down,FDN,Foundations,212,normal,common,1,101625,f8d70b3b-f6f9-4b3c-ad70-0ce369e812b5,0.08,false,false,false,near_mint,en,false,EUR,2026-10-05T13:46:21.652Z
Instants,binder,Snakeskin Veil,FDN,Foundations,233,normal,uncommon,1,100645,6cc4c21d-9bdc-4490-9203-17f51db0ddd1,0.12,false,false,false,near_mint,en,false,EUR,2026-10-05T13:46:21.653Z
Instants,binder,Tenderize,TMT,Teenage Mutant Ninja Turtles,133,normal,common,1,111511,bc19807b-09e8-4923-abc3-d4bbe8cde5fc,0.05,false,false,false,near_mint,en,false,EUR,2026-10-05T13:46:21.654Z
Instants,binder,Defiant Strike,KTK,Khans of Tarkir,7,normal,common,1,13391,39ec83fa-5cb4-4633-8827-36d874a2d2e7,0.07,false,false,false,near_mint,en,false,EUR,2026-10-05T13:46:21.655Z
Instants,binder,Yip Yip!,TLA,Avatar: The Last Airbender,43,normal,common,2,109420,43f4b10e-165b-4100-82f3-728e1b0c78ed,0.08,false,false,false,near_mint,en,false,EUR,2026-10-05T13:46:21.656Z
Instants,binder,Thraben Exorcism,MID,Innistrad: Midnight Hunt,39,normal,common,1,63372,a0700298-30d2-45a6-bd64-4fd7fa4d7d30,0.03,false,false,false,near_mint,en,false,EUR,2026-10-05T13:46:21.657Z
Instants,binder,Hamato Guardian Stance,TMT,Teenage Mutant Ninja Turtles,8,normal,common,2,111480,735b540b-b472-46fa-a232-d444cabf6c4c,0.07,false,false,false,near_mint,en,false,EUR,2026-10-05T13:46:21.658Z
Instants,binder,Deadly Riposte,FDN,Foundations,492,normal,common,1,101535,65f5804a-075b-41d8-9639-785cad5c0974,0.14,false,false,false,near_mint,en,false,EUR,2026-10-05T13:46:21.659Z
Instants,binder,Abrade,SOC,Secrets of Strixhaven Commander,234,normal,uncommon,1,111857,1add1757-c1f8-448a-b279-c6940fb7ad5f,0.19,false,false,false,near_mint,en,false,EUR,2026-10-05T13:46:21.660Z
Instants,binder,Luminous Rebuke,FDN,Foundations,20,normal,common,1,101529,621839e1-2756-4cdc-a25c-5f76ea98dd87,0.1,false,false,false,near_mint,en,false,EUR,2026-10-05T13:46:21.661Z
Instants,binder,Goblin Surprise,FDN,Foundations,200,normal,common,1,101512,527dd5d4-5f72-40bb-8a9d-1f5ac3f81e2e,0.09,false,false,false,near_mint,en,false,EUR,2026-10-05T13:46:21.662Z
Instants,binder,Run Away Together,FDN,Foundations,162,normal,common,1,101614,e598eb7b-10dc-49e6-ac60-2fefa987173e,0.09,false,false,false,near_mint,en,false,EUR,2026-10-05T13:46:21.664Z
Instants,binder,Arcane Epiphany,FDN,Foundations,29,normal,uncommon,1,100116,06431793-5dfe-4cbf-990b-4bcc960d1f31,0.12,false,false,false,near_mint,en,false,EUR,2026-10-05T13:46:21.665Z
Instants,binder,Collateral Damage,FRF,Fate Reforged,95,normal,common,1,12031,fb738362-b0b4-4811-9fbf-5f45c852c822,0.14,false,false,false,near_mint,en,false,EUR,2026-10-05T13:46:21.666Z
Instants,binder,Wander Off,SOS,Secrets of Strixhaven,104,normal,common,1,112597,3d409512-50b9-4a38-91b0-19ba25227992,0.04,false,false,false,near_mint,en,false,EUR,2026-10-05T13:46:21.667Z
Instants,binder,Chase Inspiration,SOS,Secrets of Strixhaven,41,normal,common,1,112562,06f9f257-c7ef-44b7-8b2b-f038fba900af,0.11,false,false,false,near_mint,en,false,EUR,2026-10-05T13:46:21.668Z
Instants,binder,Hobbit's Sting,LTR,The Lord of the Rings: Tales of Middle-earth,20,normal,common,2,82820,019eab42-9e0c-4958-ac97-74d3db5580f3,0.08,false,false,false,near_mint,en,false,EUR,2026-10-05T13:46:21.645Z
Instants,binder,Pippin's Bravery,LTR,The Lord of the Rings: Tales of Middle-earth,414,normal,common,2,82841,08dc9616-83e5-451f-aaa8-d0c81802fa13,0.06,false,false,false,near_mint,en,false,EUR,2026-10-05T13:56:28.241Z
Instants,binder,Slip On the Ring,LTR,The Lord of the Rings: Tales of Middle-earth,31,normal,common,1,82961,2e20c2b8-ffe3-4d14-8588-f89719358e3d,0.11,false,false,false,near_mint,en,false,EUR,2026-10-05T14:12:07.268Z
Instants,binder,Saruman's Trickery,LTR,The Lord of the Rings: Tales of Middle-earth,68,normal,uncommon,1,83284,8eb6c23b-e52e-4533-9625-884eb0a4d866,0.13,false,false,false,near_mint,en,false,EUR,2026-10-05T14:12:07.269Z
Instants,binder,Isolation at Orthanc,LTR,The Lord of the Rings: Tales of Middle-earth,57,normal,common,1,83084,54b9c323-ac9b-4864-bd57-81b557f44114,0.06,false,false,false,near_mint,en,false,EUR,2026-10-05T14:12:07.271Z
Instants,binder,Hithlain Knots,LTR,The Lord of the Rings: Tales of Middle-earth,54,normal,common,2,83448,bbcc27e7-cbe4-45c2-b157-7251a10e7ba4,0.08,false,false,false,near_mint,en,false,EUR,2026-10-05T14:12:07.276Z
Instants,binder,Dreadful as the Storm,LTR,The Lord of the Rings: Tales of Middle-earth,48,normal,common,1,83425,b6e0b4ff-85b5-485f-a78f-1a58bb343238,0.08,false,false,false,near_mint,en,false,EUR,2026-10-05T14:12:07.279Z
Instants,binder,Glorious Gale,LTR,The Lord of the Rings: Tales of Middle-earth,51,normal,common,1,83178,6e1057de-5710-415c-9a51-1d8bd86021a3,0.09,false,false,false,near_mint,en,false,EUR,2026-10-05T14:12:07.280Z
Instants,binder,Soothing of Sméagol,LTR,The Lord of the Rings: Tales of Middle-earth,70,normal,common,1,83459,be6400e8-7f99-4005-9a92-ffbc359d3871,0.11,false,false,false,near_mint,en,false,EUR,2026-10-05T14:12:07.282Z
Instants,binder,Stern Scolding,LTR,The Lord of the Rings: Tales of Middle-earth,71,normal,uncommon,3,83012,3ca1e1de-b916-445f-b3b2-0f4d0cc7ceeb,0.29,false,false,false,near_mint,en,false,EUR,2026-10-05T14:12:07.270Z
Instants,binder,Deceive the Messenger,LTR,The Lord of the Rings: Tales of Middle-earth,47,normal,common,3,83406,b2984bc6-7c12-46e4-8dd3-b23e29a7a7ec,0.05,false,false,false,near_mint,en,false,EUR,2026-10-05T14:12:07.272Z
Instants,binder,Council's Deliberation,LTR,The Lord of the Rings: Tales of Middle-earth,46,normal,uncommon,2,83142,651503a2-5d1e-408a-9cdc-0cee05ab3ef0,0.07,false,false,false,near_mint,en,false,EUR,2026-10-05T14:12:07.275Z
Instants,binder,Bitter Downfall,LTR,The Lord of the Rings: Tales of Middle-earth,77,normal,uncommon,1,83593,e4b83aa1-33ce-4b8d-ae5a-72f64eef5f09,0.06,false,false,false,near_mint,en,false,EUR,2026-10-05T14:40:25.621Z
Instants,binder,Shelob's Ambush,LTR,The Lord of the Rings: Tales of Middle-earth,108,normal,common,1,82941,25e69fa8-7339-4bfa-8e35-9cbfe0001d8b,0.07,false,false,false,near_mint,en,false,EUR,2026-10-05T14:40:25.622Z
Instants,binder,Gollum's Bite,LTR,The Lord of the Rings: Tales of Middle-earth,85,normal,uncommon,1,82900,1b1e790e-ff82-4888-8aee-9986c646241a,0.11,false,false,false,near_mint,en,false,EUR,2026-10-05T14:40:25.623Z
Instants,binder,Sauron's Ransom,LTR,The Lord of the Rings: Tales of Middle-earth,225,normal,rare,1,83170,6b98850c-ad69-42da-b91a-8dc5e226c444,0.52,false,false,false,near_mint,en,false,EUR,2026-10-05T14:40:25.624Z
Instants,binder,Friendly Rivalry,LTR,The Lord of the Rings: Tales of Middle-earth,204,normal,uncommon,1,82930,24076763-88ba-4dee-b548-9c27bd34fdb7,0.07,false,false,false,near_mint,en,false,EUR,2026-10-05T14:40:25.626Z
Instants,binder,Cast into the Fire,LTR,The Lord of the Rings: Tales of Middle-earth,118,normal,common,1,82962,2ef878cb-27b6-47d8-ad11-bd20529b0e7e,0.84,false,false,false,near_mint,en,false,EUR,2026-10-05T14:40:25.627Z
Instants,binder,Rush the Room,LTR,The Lord of the Rings: Tales of Middle-earth,147,normal,common,1,83646,f525b727-acde-427b-9c33-20964e8cf613,0.07,false,false,false,near_mint,en,false,EUR,2026-10-05T14:40:25.629Z
Instants,binder,Display of Power,LTR,The Lord of the Rings: Tales of Middle-earth,119,normal,rare,1,82950,295b8595-5b4e-4fc8-8249-486d36e15f67,0.29,false,false,false,near_mint,en,false,EUR,2026-10-05T14:40:25.630Z
Instants,binder,Gimli's Fury,LTR,The Lord of the Rings: Tales of Middle-earth,131,normal,common,2,83627,efde011d-8732-49b3-9204-8b114a3d81ba,0.09,false,false,false,near_mint,en,false,EUR,2026-10-05T14:40:25.619Z
Instants,binder,Dig Through Time,SOC,Secrets of Strixhaven Commander,195,normal,rare,1,111822,020939d6-72f0-4aa0-9ac2-d16cc896cd7f,0.25,false,false,false,near_mint,en,false,EUR,2026-10-05T14:49:51.891Z
Instants,binder,Into the Story,FIC,Final Fantasy Commander,266,normal,uncommon,1,105857,24c55c03-2c7a-416d-81d6-74a77a103704,0.16,false,false,false,near_mint,en,false,EUR,2026-10-05T14:49:51.891Z
Instants,binder,Lethal Scheme,MSC,Marvel Super Heroes Commander,157,normal,rare,1,114255,b2d9c467-6e56-401c-ade1-95dad7e4e766,0.21,false,false,false,near_mint,en,false,EUR,2026-10-05T14:49:51.891Z
Instants,binder,Snuff Out,FIC,Final Fantasy Commander,285,normal,common,1,106095,a3b1fc65-3620-4052-a1f8-1779d95029c7,7.77,false,false,false,near_mint,en,false,EUR,2026-10-05T14:49:51.891Z
Instants,binder,Sublime Epiphany,FIC,Final Fantasy Commander,271,normal,rare,1,106101,a71d0330-ae9b-48c4-802b-b2383958e0d4,0.26,false,false,false,near_mint,en,false,EUR,2026-10-05T14:49:51.891Z
Instants,binder,Swords to Plowshares,FRC,Reality Fracture Commander,37,normal,uncommon,3,116968,f7e12477-d59f-442b-a678-1be746d0b7be,1.51,false,false,false,near_mint,en,false,EUR,2026-10-05T14:49:51.891Z
Instants,binder,Transpose,FIC,Final Fantasy Commander,52,normal,rare,1,105968,66392b0e-8691-42a4-bc84-03b017174a73,0.62,false,false,false,near_mint,en,false,EUR,2026-10-05T14:49:51.891Z
Instants,binder,Void Rend,FIC,Final Fantasy Commander,331,normal,rare,1,106125,b1fe4252-f5f8-405a-82c4-2c7b35e7e7fb,0.43,false,false,false,near_mint,en,false,EUR,2026-10-05T14:49:51.891Z
Instants,binder,Beast Within,MSC,Marvel Super Heroes Commander,169,normal,uncommon,1,114294,400b43aa-c1d2-4435-b863-061f43889422,0.89,false,false,false,near_mint,en,false,EUR,2026-10-05T14:50:44.677Z
Instants,binder,Harrow,EOC,Edge of Eternities Commander,98,normal,common,1,107003,3e76be46-cf81-4fef-bc5b-f87666cb0413,0.27,false,false,false,near_mint,en,false,EUR,2026-10-05T14:50:44.677Z
Instants,binder,Infernal Grasp,SOC,Secrets of Strixhaven Commander,216,normal,uncommon,1,112187,f67b323d-0dda-45f8-84b7-d883ce5045a8,0.29,false,false,false,near_mint,en,false,EUR,2026-10-05T14:50:44.677Z
Instants,binder,Putrefy,ECC,Lorwyn Eclipsed Commander,131,normal,uncommon,1,110592,ad6ed9f1-2014-49e2-91c6-2b55c8d60cdc,0.19,false,false,false,near_mint,en,false,EUR,2026-10-05T14:50:44.677Z
Instants,binder,Rakdos Charm,EOC,Edge of Eternities Commander,125,normal,uncommon,1,107041,64b67170-1602-4050-80c0-ade2a6cac211,0.75,false,false,false,near_mint,en,false,EUR,2026-10-05T14:50:44.677Z
Instants,binder,Roiling Regrowth,EOC,Edge of Eternities Commander,105,normal,uncommon,1,106984,2c446dbb-b883-47e9-aab3-ac921ff218f8,0.3,false,false,false,near_mint,en,false,EUR,2026-10-05T14:50:44.677Z
Instants,binder,Tear Asunder,EOC,Edge of Eternities Commander,109,normal,uncommon,1,107189,e408c673-4a1f-45db-827a-75c501e1b3d6,0.33,false,false,false,near_mint,en,false,EUR,2026-10-05T14:50:44.677Z
Instants,binder,Windgrace's Judgment,EOC,Edge of Eternities Commander,129,normal,rare,1,107205,f1f6efcf-6ac3-4bf9-9bd2-d5c78a5defb3,0.19,false,false,false,near_mint,en,false,EUR,2026-10-05T14:50:44.677Z
Instants,binder,Brainstorm,FRC,Reality Fracture Commander,39,normal,common,1,116962,ec7d6864-7b6b-4f74-8474-9b9ec96b1d33,1.81,false,false,false,near_mint,en,false,EUR,2026-10-05T14:51:42.698Z
Instants,binder,Brainsurge,FRC,Reality Fracture Commander,40,normal,uncommon,1,116862,2dc20172-4cf0-4ada-a4f3-4ef951cb8207,0.26,false,false,false,near_mint,en,false,EUR,2026-10-05T14:51:42.698Z
Instants,binder,Despark,FRC,Reality Fracture Commander,50,normal,uncommon,1,116861,2c09f45f-54a5-47b5-afd7-9ac7c05438e7,0.16,false,false,false,near_mint,en,false,EUR,2026-10-05T14:51:42.698Z
Instants,binder,Fact or Fiction,FRC,Reality Fracture Commander,41,normal,uncommon,1,116960,eb1a25c5-1918-40f3-b54f-5d31cf6b4eb2,0.12,false,false,false,near_mint,en,false,EUR,2026-10-05T14:51:42.698Z
Instants,binder,Fatehold Charm,FRA,Reality Fracture,132,normal,uncommon,1,116654,cfc54011-647e-4428-bcdb-59400e1da49d,0.21,false,false,false,near_mint,en,false,EUR,2026-10-05T14:51:42.698Z
Instants,binder,Flawless Maneuver,FRC,Reality Fracture Commander,25,normal,rare,1,116870,3ffe82a4-584e-4ebd-9551-a745bed01e26,9.6,false,false,false,near_mint,en,false,EUR,2026-10-05T14:51:42.698Z
Instants,binder,Grand Crescendo,FRC,Reality Fracture Commander,26,normal,rare,1,116916,a60834b0-38ab-40c9-9fd9-db3a23b13076,1.06,false,false,false,near_mint,en,false,EUR,2026-10-05T14:51:42.698Z
Instants,binder,Occult Epiphany,FRC,Reality Fracture Commander,43,normal,rare,1,116955,e5fcfaff-2fd0-46d8-b863-ad25558c9e95,0.08,false,false,false,near_mint,en,false,EUR,2026-10-05T14:51:42.698Z
Instants,binder,Path to Exile,FRC,Reality Fracture Commander,30,normal,uncommon,1,116857,22e08a78-55b7-46b0-bd1a-a51548fc1861,0.89,false,false,false,near_mint,en,false,EUR,2026-10-05T14:51:42.698Z
Instants,binder,Secure the Wastes,FRC,Reality Fracture Commander,31,normal,rare,1,116893,83a01121-e5cd-45ba-97c2-7bd7d50158e6,0.27,false,false,false,near_mint,en,false,EUR,2026-10-05T14:51:42.698Z
Instants,binder,Stroke of Midnight,FRC,Reality Fracture Commander,35,normal,uncommon,1,116942,d42b9f9e-2df2-491e-b6ac-3b2bac8a8d8e,0.2,false,false,false,near_mint,en,false,EUR,2026-10-05T14:51:42.698Z
Instants,binder,Synthetic Destiny,FRC,Reality Fracture Commander,45,normal,rare,1,116890,78ab1d69-da01-424b-9d09-ef985aef4cbd,0.21,false,false,false,near_mint,en,false,EUR,2026-10-05T14:51:42.698Z
Instants,binder,Teferi's Reproach,FRC,Reality Fracture Commander,6,normal,rare,1,116974,fb4a1f07-4c1f-4d08-af5d-17f1bb77f9e5,0.8,false,false,false,near_mint,en,false,EUR,2026-10-05T14:51:42.698Z
Instants,binder,Chaos Warp,MSC,Marvel Super Heroes Commander,164,normal,rare,1,114230,57f61970-382e-415c-868b-6bbb6c78825d,0.48,false,false,false,near_mint,en,false,EUR,2026-10-05T14:52:30.633Z
Instants,binder,Dispatch,MSC,Marvel Super Heroes Commander,130,normal,uncommon,1,114321,99d30a21-b003-4a17-a4c5-97811f230896,2.52,false,false,false,near_mint,en,false,EUR,2026-10-05T14:52:30.633Z
Instants,binder,Experimental Augury,EOC,Edge of Eternities Commander,73,normal,common,1,107295,8b817b17-27cf-4f6b-baf2-4c4dbb3e71d1,0.22,false,false,false,near_mint,en,false,EUR,2026-10-05T14:52:30.633Z
Instants,binder,Pull from Tomorrow,SOC,Secrets of Strixhaven Commander,116,normal,rare,1,111977,74d8d661-a43f-4cee-87d5-1f74433a283e,0.22,false,false,false,near_mint,en,false,EUR,2026-10-05T14:52:30.633Z
Instants,binder,Ripples of Potential,EOC,Edge of Eternities Commander,77,normal,rare,1,107296,8e724c6d-3922-406f-b9e6-e478e1039416,3.47,false,false,false,near_mint,en,false,EUR,2026-10-05T14:52:30.633Z
Instants,binder,Swan Song,EOC,Edge of Eternities Commander,46,normal,rare,1,107292,83d0b761-d694-4232-9f40-5bd8c82a05f1,10.07,false,false,false,near_mint,en,false,EUR,2026-10-05T14:52:30.633Z
Instants,binder,Thirst for Knowledge,MSH,Marvel Super Heroes,79,normal,uncommon,1,113413,5f4f77e5-0019-4a5f-bae6-136121946929,0.11,false,false,false,near_mint,en,false,EUR,2026-10-05T14:52:30.633Z
Instants,binder,Chaos Warp,FIC,Final Fantasy Commander,291,normal,rare,1,106094,a3579f5c-255d-4b01-9b84-9f5c72cb4178,0.46,false,false,false,near_mint,en,false,EUR,2026-10-05T14:53:19.285Z
Instants,binder,Clever Concealment,FIC,Final Fantasy Commander,236,normal,rare,1,105914,4836e220-5c89-49fc-8918-a51adf026ab4,5.14,false,false,false,near_mint,en,false,EUR,2026-10-05T14:53:19.285Z
Instants,binder,Cloud's Limit Break,FIC,Final Fantasy Commander,14,normal,rare,1,105848,1eb10082-4f0a-41f9-9a70-0d3c7ead249f,0.29,false,false,false,near_mint,en,false,EUR,2026-10-05T14:53:19.285Z
Instants,binder,Dispatch,FIC,Final Fantasy Commander,241,normal,uncommon,1,105875,2ecc0fcb-9141-465c-90b1-7652d3c9a4ab,2.88,false,false,false,near_mint,en,false,EUR,2026-10-05T14:53:19.285Z
Instants,binder,Lifestream's Blessing,FIC,Final Fantasy Commander,67,normal,rare,1,105916,48b4101b-3428-4b6b-818a-6097a093e9b5,1.22,false,false,false,near_mint,en,false,EUR,2026-10-05T14:53:19.285Z
Instants,binder,Swords to Plowshares,MSC,Marvel Super Heroes Commander,143,normal,uncommon,1,113933,b4e9c870-23c0-413a-ae39-265f09da16d1,2.25,false,false,false,near_mint,en,false,EUR,2026-10-05T14:53:19.285Z
Instants,binder,Ultimate Magic: Holy,FIC,Final Fantasy Commander,32,normal,rare,1,106043,8fdb8414-2f08-42fb-ae0a-c7f0af1e144e,0.68,false,false,false,near_mint,en,false,EUR,2026-10-05T14:53:19.285Z
Instants,binder,An Offer You Can't Refuse,FDN,Foundations,160,normal,uncommon,1,100948,a829747f-cf9b-4d81-ba66-9f0630ed4565,3.11,false,false,false,near_mint,en,false,EUR,2026-10-05T14:53:59.977Z
Instants,binder,Beast Within,SOC,Secrets of Strixhaven Commander,263,normal,uncommon,1,111881,2a000bb0-1dc4-4fda-b26d-d89cc8daf930,0.86,false,false,false,near_mint,en,false,EUR,2026-10-05T14:53:59.977Z
Instants,binder,Big Score,SOC,Secrets of Strixhaven Commander,237,normal,common,1,112012,8b2699d2-2057-4fbf-8e52-736fcfe2759d,0.97,false,false,false,near_mint,en,false,EUR,2026-10-05T14:53:59.977Z
Instants,binder,Chaos Warp,MBC,Mystery Booster Commander Edition,72,normal,rare,1,115349,fb8d8106-b9bd-405c-886e-72fc301c65e1,,false,false,false,near_mint,en,false,EUR,2026-10-05T14:53:59.977Z
Instants,binder,Rapid Hybridization,TDC,Tarkir: Dragonstorm Commander,162,normal,uncommon,1,104901,b6912638-b087-4754-9e7e-8bd76fbf095c,1.3,false,false,false,near_mint,en,false,EUR,2026-10-05T14:53:59.977Z
Instants,binder,Reality Shift,SOC,Secrets of Strixhaven Commander,199,normal,uncommon,1,112031,920bb44e-aa7f-4ee9-ab19-30114f55ec9b,0.21,false,false,false,near_mint,en,false,EUR,2026-10-05T14:53:59.977Z
Instants,binder,Flame Lash,BLB,Bloomburrow,391,normal,common,3,96115,c6440439-7178-4a97-9e18-7fdef4b02678,0.09,false,false,false,near_mint,en,false,EUR,2026-10-05T15:02:03.804Z
Instants,binder,Rabid Gnaw,BLB,Bloomburrow,147,normal,uncommon,2,96014,2f815bae-820a-49f6-8eed-46f658e7b6ff,0.14,false,false,false,near_mint,en,false,EUR,2026-10-05T15:02:03.804Z
Instants,binder,Giant Growth,BLB,Bloomburrow,393,normal,common,2,96133,e70722d6-b4d5-45c2-9488-9a5eb0bdb9bd,0.11,false,false,false,near_mint,en,false,EUR,2026-10-05T15:02:28.709Z
Instants,binder,Rabbit Response,BLB,Bloomburrow,26,normal,common,2,96114,c4ded450-346d-4917-917a-b62bc0267509,0.1,false,false,false,near_mint,en,false,EUR,2026-10-05T15:02:28.709Z
Instants,binder,Repel Calamity,BLB,Bloomburrow,27,normal,uncommon,2,95834,d068192a-6270-4981-819d-4945fa4a2b83,0.1,false,false,false,near_mint,en,false,EUR,2026-10-05T15:02:28.709Z
Instants,binder,Uneasy Partings,HOB,The Hobbit,58,normal,common,1,115250,e49866d4-966a-40f9-b08d-18e5af6d726b,0.02,false,false,false,near_mint,en,false,EUR,2026-10-05T15:28:32.378Z
Instants,binder,Smaug's Fury,HOB,The Hobbit,111,normal,common,1,115218,a16f203a-785e-4c78-9410-fb9f8a0ffa01,0.06,false,false,false,near_mint,en,false,EUR,2026-10-05T15:28:32.381Z
Instants,binder,Reverent Howl,HOB,The Hobbit,81,normal,common,1,115136,16765eb2-d497-4cd6-b683-20eac2f10bbf,0.09,false,false,false,near_mint,en,false,EUR,2026-10-05T15:28:32.387Z
Instants,binder,Quarrel,HOB,The Hobbit,135,normal,common,1,115179,5900a0b4-aa89-4019-94c9-7e9ea3b4792e,0.07,false,false,false,near_mint,en,false,EUR,2026-10-05T15:28:32.388Z
Instants,binder,Quarrel,HOB,The Hobbit,135,foil,common,1,115179,5900a0b4-aa89-4019-94c9-7e9ea3b4792e,0.12,false,false,false,near_mint,en,false,EUR,2026-10-05T15:28:32.389Z
Instants,binder,Mind Transfer Protocol,TMT,Teenage Mutant Ninja Turtles,45,normal,common,1,111447,2ddfcc4d-dd5f-42f1-8f33-a8e8b5354534,0.06,false,false,false,near_mint,en,false,EUR,2026-10-05T15:28:32.391Z
Instants,binder,Mouser Attack!,TMT,Teenage Mutant Ninja Turtles,95,normal,common,1,111437,058490f4-0ada-45e6-b4f0-e433537f52d6,0.08,false,false,false,near_mint,en,false,EUR,2026-10-05T15:28:32.392Z
Instants,binder,Stomped by the Foot,TMT,Teenage Mutant Ninja Turtles,82,normal,common,1,111566,3fdec16f-77f5-4792-9698-b9099a204028,0.18,false,false,false,near_mint,en,false,EUR,2026-10-05T15:28:32.393Z
Instants,binder,Negate,TMT,Teenage Mutant Ninja Turtles,47,normal,common,1,111242,52d58fe4-6070-4022-9cd7-c35a11b44525,0.06,false,false,false,near_mint,en,false,EUR,2026-10-05T15:28:32.394Z
Instants,binder,Visions of Villainy,MSH,Marvel Super Heroes,120,normal,common,1,114092,f8f1e4f9-7415-437f-b694-ecbdd76db114,0.11,false,false,false,near_mint,en,false,EUR,2026-10-05T15:28:32.395Z
Instants,binder,Hour of Defeat,MSH,Marvel Super Heroes,99,normal,common,1,113887,9e0034dd-396e-46af-b931-0daa25da4406,0.05,false,false,false,near_mint,en,false,EUR,2026-10-05T15:28:32.396Z
Instants,binder,Plunder the Trollshaws,HOB,The Hobbit,51,foil,common,1,115074,afb73190-b9bd-4744-a011-a37cd9c0148d,0.33,false,false,false,near_mint,en,false,EUR,2026-10-05T15:28:32.398Z
Instants,binder,Confusticate and Bebother,HOB,The Hobbit,35,foil,common,1,115071,9de48690-e5ae-495a-addf-305f1db7ec21,0.14,false,false,false,near_mint,en,false,EUR,2026-10-05T15:28:32.399Z
Instants,binder,Settle the Wreckage,HOB,The Hobbit,26,normal,rare,1,115098,31a7a5e2-4cb8-48fc-8351-18344b4a7560,0.36,false,false,false,near_mint,en,false,EUR,2026-10-05T15:28:32.400Z
Instants,binder,Settle the Wreckage,HOB,The Hobbit,26,foil,rare,1,115098,31a7a5e2-4cb8-48fc-8351-18344b4a7560,0.5,false,false,false,near_mint,en,false,EUR,2026-10-05T15:28:32.402Z
Instants,binder,Impossible Inferno,DSK,Duskmourn: House of Horror,140,normal,common,1,98885,a35248f9-9a4e-4758-a4c1-0e0c83e3fd75,0.07,false,false,false,near_mint,en,false,EUR,2026-10-05T15:28:32.403Z
Instants,binder,Murder,DSK,Duskmourn: House of Horror,110,normal,common,1,98802,2c249609-9cf7-46f1-b94c-9329add966bb,0.04,false,false,false,near_mint,en,false,EUR,2026-10-05T15:28:32.404Z
Instants,binder,Break Down the Door,DSK,Duskmourn: House of Horror,170,normal,uncommon,1,98791,209e9bbc-a15d-47fc-b149-6b0c57dd09ea,0.08,false,false,false,near_mint,en,false,EUR,2026-10-05T15:28:32.406Z
Instants,binder,Give In to Violence,DSK,Duskmourn: House of Horror,101,normal,common,1,98763,00ac1759-d4cc-41d5-a9b7-a89b80d2190c,0.09,false,false,false,near_mint,en,false,EUR,2026-10-05T15:28:32.408Z
Instants,binder,Winter's Intervention,DSK,Duskmourn: House of Horror,123,normal,common,2,99302,b33d38fa-bbcf-4bcc-93a8-adbfd9c93faa,0.02,false,false,false,near_mint,en,false,EUR,2026-10-05T15:28:32.411Z
Instants,binder,Glimmerburst,DSK,Duskmourn: House of Horror,62,normal,common,1,99425,fe1ab8db-3994-4b6d-9eaf-75243a78b715,0.11,false,false,false,near_mint,en,false,EUR,2026-10-05T15:28:32.412Z
Instants,binder,Drag to the Roots,DSK,Duskmourn: House of Horror,213,normal,uncommon,1,98704,46f46095-6479-46b0-9e59-194d83f86a46,0.16,false,false,false,near_mint,en,false,EUR,2026-10-05T15:28:32.414Z
Instants,binder,Riddles in the Dark,HOB,The Hobbit,53,normal,rare,2,112936,a6129286-7437-4ba4-be55-586a22cd67ca,0.43,false,false,false,near_mint,en,false,EUR,2026-10-05T15:28:32.379Z
Instants,binder,Plunder the Trollshaws,HOB,The Hobbit,51,normal,common,2,115074,afb73190-b9bd-4744-a011-a37cd9c0148d,0.16,false,false,false,near_mint,en,false,EUR,2026-10-05T15:28:32.380Z
Instants,binder,Bilbo's Deadly Slice,HOB,The Hobbit,62,normal,common,3,115137,17892c93-b9b2-4720-933b-998ed0200492,0.09,false,false,false,near_mint,en,false,EUR,2026-10-05T15:28:32.382Z
Instants,binder,Pinecone Strike,HOB,The Hobbit,107,normal,common,2,115255,ea174cea-40e5-424e-9734-e39aae6c6b17,0.06,false,false,false,near_mint,en,false,EUR,2026-10-05T15:28:32.383Z
Instants,binder,Turn Inside Out,DSK,Duskmourn: House of Horror,160,normal,common,2,98707,57e2a92c-06d3-4cb5-883d-cba428a7e98e,0.12,false,false,false,near_mint,en,false,EUR,2026-10-05T15:28:32.405Z
Instants,binder,Scorching Dragonfire,DSK,Duskmourn: House of Horror,156,normal,common,2,99284,a55f4f37-796a-4b18-a5ee-1d4f711f19b8,0.03,false,false,false,near_mint,en,false,EUR,2026-10-05T15:28:32.407Z
Instants,binder,Vanish from Sight,DSK,Duskmourn: House of Horror,82,normal,common,2,98825,5254988b-3113-42f7-b751-517ffb3b40f0,0.03,false,false,false,near_mint,en,false,EUR,2026-10-05T15:28:32.409Z
Instants,binder,Allies at Last,TLA,Avatar: The Last Airbender,164,normal,uncommon,1,109381,11a77897-2aba-4a9b-bbe6-1768ca9f12cb,0.08,false,false,false,near_mint,en,false,EUR,2026-10-05T16:07:53.405Z
Instants,binder,Cycle of Renewal,TLA,Avatar: The Last Airbender,170,normal,common,1,109398,233f4a05-057b-48f4-8f56-8d4a060a40e4,0.17,false,false,false,near_mint,en,false,EUR,2026-10-05T16:07:53.406Z
Instants,binder,Origin of Metalbending,TLA,Avatar: The Last Airbender,187,normal,common,1,109400,25749f9a-260d-4bdc-bd28-429c12faa4a5,0.2,false,false,false,near_mint,en,false,EUR,2026-10-05T16:07:53.407Z
Instants,binder,Rocky Rebuke,TLA,Avatar: The Last Airbender,193,normal,common,1,108211,52fd910f-6d42-41f5-a4be-f375aa254ea2,0.07,false,false,false,near_mint,en,false,EUR,2026-10-05T16:07:53.408Z
Instants,binder,Pillar Launch,TLA,Avatar: The Last Airbender,189,normal,common,1,108303,f177e9cc-0c41-417d-9215-5ff23a1a0657,0.1,false,false,false,near_mint,en,false,EUR,2026-10-05T16:07:53.409Z
Instants,binder,Sold Out,TLA,Avatar: The Last Airbender,119,normal,common,1,109389,1affba6d-2cca-4cdf-8690-1e23ffbe8462,0.02,false,false,false,near_mint,en,false,EUR,2026-10-05T16:07:53.410Z
Instants,binder,Azula Always Lies,TLA,Avatar: The Last Airbender,84,normal,common,1,108194,416b9207-a2af-44d1-9b87-4943f6e46d42,0.06,false,false,false,near_mint,en,false,EUR,2026-10-05T16:07:53.411Z
Instants,binder,Zuko's Conviction,TLA,Avatar: The Last Airbender,123,normal,uncommon,1,109923,ad8933d6-cdc7-4d60-a78e-b43ffecfb136,0.18,false,false,false,near_mint,en,false,EUR,2026-10-05T16:07:53.413Z
Instants,binder,Lost Days,TLA,Avatar: The Last Airbender,62,normal,common,1,109559,db8e88e3-0931-403f-90e7-3c22c0b61dac,0.02,false,false,false,near_mint,en,false,EUR,2026-10-05T16:07:53.414Z
Instants,binder,Sokka's Haiku,TLA,Avatar: The Last Airbender,71,normal,uncommon,1,108102,004be4bc-ac3c-4026-8d36-f4687ab18c70,0.1,false,false,false,near_mint,en,false,EUR,2026-10-05T16:07:53.415Z
Instants,binder,How to Start a Riot,TLA,Avatar: The Last Airbender,140,normal,common,1,108174,23b3bf1e-ea85-47f5-8473-4d16615f68d7,0.05,false,false,false,near_mint,en,false,EUR,2026-10-05T16:07:53.419Z
Instants,binder,Cunning Maneuver,TLA,Avatar: The Last Airbender,130,normal,common,1,109380,0ff7c993-ba29-43b0-9639-7c4bc0292fa2,0.07,false,false,false,near_mint,en,false,EUR,2026-10-05T16:07:53.420Z
Instants,binder,Octopus Form,TLA,Avatar: The Last Airbender,66,normal,common,1,109543,ce96a826-53a0-4029-bf34-46779d133b13,0.13,false,false,false,near_mint,en,false,EUR,2026-10-05T16:07:53.421Z
Instants,binder,Sandbenders' Storm,TLA,Avatar: The Last Airbender,34,normal,common,1,109779,b3bf4a25-4329-4318-870a-2b06aa620dc4,0.06,false,false,false,near_mint,en,false,EUR,2026-10-05T16:07:53.422Z
Instants,binder,Fancy Footwork,TLA,Avatar: The Last Airbender,19,normal,uncommon,1,109500,9c59f8c5-4063-4e5a-b684-fde175c4a981,0.09,false,false,false,near_mint,en,false,EUR,2026-10-05T16:07:53.423Z
Instants,binder,Airbending Lesson,TLA,Avatar: The Last Airbender,8,normal,common,1,108292,e2bcd0a6-e94d-4a21-a334-a57459c1b8cc,0.11,false,false,false,near_mint,en,false,EUR,2026-10-05T16:07:53.424Z
Instants,binder,Airbender's Reversal,TLA,Avatar: The Last Airbender,7,normal,uncommon,1,109715,6b7078e4-2892-4b5f-83ab-90369e0d6dba,0.17,false,false,false,near_mint,en,false,EUR,2026-10-05T16:07:53.426Z
Instants,binder,Fire Nation Attacks,TLA,Avatar: The Last Airbender,133,normal,uncommon,1,108131,9cc10845-8989-46ca-a57a-fd728fca0729,0.14,false,false,false,near_mint,en,false,EUR,2026-10-05T16:07:53.429Z
Instants,binder,Combustion Technique,TLA,Avatar: The Last Airbender,301,normal,uncommon,1,109641,17d97052-e153-42d8-beb6-6d85815c9b59,0.22,false,false,false,near_mint,en,false,EUR,2026-10-05T16:07:53.433Z
Instants,binder,Firebending Lesson,TLA,Avatar: The Last Airbender,138,normal,common,1,109926,fa940e68-010e-4b68-be8a-555d7068f7b4,0.13,false,false,false,near_mint,en,false,EUR,2026-10-05T16:07:53.434Z
Instants,binder,Zuko's Exile,TLA,Avatar: The Last Airbender,3,normal,common,1,109489,9090b055-3406-4fed-a8c6-3f6353a9600e,0.05,false,false,false,near_mint,en,false,EUR,2026-10-05T16:07:53.435Z
Instants,binder,Energybending,TLA,Avatar: The Last Airbender,2,normal,uncommon,1,109456,6c085441-e023-4032-89a0-d24ce5060ac3,0.13,false,false,false,near_mint,en,false,EUR,2026-10-05T16:07:53.436Z
Instants,binder,Abandon Attachments,TLA,Avatar: The Last Airbender,205,normal,common,1,108228,74ca45a4-97ab-4255-9129-884e8b42b984,0.27,false,false,false,near_mint,en,false,EUR,2026-10-05T16:07:53.437Z
Instants,binder,Spit Flame,TDC,Tarkir: Dragonstorm Commander,234,normal,rare,1,104678,5fb4fa09-2864-4973-aa49-088043f6a6d1,0.2,false,false,false,near_mint,en,false,EUR,2026-10-05T16:07:53.440Z
Instants,binder,Draconic Lore,TDC,Tarkir: Dragonstorm Commander,151,normal,common,1,104790,8b3da929-eb0a-4149-9a0d-8f2b916f0e47,0.14,false,false,false,near_mint,en,false,EUR,2026-10-05T16:07:53.441Z
Instants,binder,Seismic Wave,NEO,Kamigawa: Neon Dynasty,161,normal,uncommon,1,66827,e55b8ffb-c2e4-4676-9051-ff6c686cad0b,0.07,false,false,false,near_mint,en,false,EUR,2026-10-05T16:07:53.442Z
Instants,binder,Heartless Act,TLA,Avatar: The Last Airbender,103,normal,uncommon,2,108268,b57c57a8-d72b-4c6c-a2db-a7ef61190f42,0.15,false,false,false,near_mint,en,false,EUR,2026-10-05T16:07:53.412Z
Instants,binder,It'll Quench Ya!,TLA,Avatar: The Last Airbender,58,normal,common,2,108199,47c25e41-f43c-4447-81b5-b9631448bd29,0.12,false,false,false,near_mint,en,false,EUR,2026-10-05T16:07:53.416Z
Instants,binder,Solstice Revelations,TLA,Avatar: The Last Airbender,153,normal,uncommon,2,109580,f22ac19f-66fb-4d54-9f09-495a20a29577,0.14,false,false,false,near_mint,en,false,EUR,2026-10-05T16:07:53.418Z
Instants,binder,Razor Rings,TLA,Avatar: The Last Airbender,33,normal,common,2,108265,b05cfee5-ee59-4df6-a5f6-d9ef0fa7f98a,0.06,false,false,false,near_mint,en,false,EUR,2026-10-05T16:07:53.425Z
Instants,binder,Lightning Strike,TLA,Avatar: The Last Airbender,146,normal,common,3,108213,5787b0e0-9469-4a6d-8b81-c992628e28c0,0.06,false,false,false,near_mint,en,false,EUR,2026-10-05T16:07:53.430Z
Entchantments,binder,Rising of the Day,LTR,The Lord of the Rings: Tales of Middle-earth,145,normal,uncommon,1,83538,d4fbcac6-8ac9-44a8-9d1a-03d0799ac253,0.26,false,false,false,near_mint,en,false,EUR,2026-10-05T12:41:50.807Z
Entchantments,binder,Spiteful Banditry,LTR,The Lord of the Rings: Tales of Middle-earth,149,normal,mythic,1,83606,e85a82bc-49f3-4694-b688-808a541146db,8.19,false,false,false,near_mint,en,false,EUR,2026-10-05T12:41:50.808Z
Entchantments,binder,Path to the World Tree,DMC,Dominaria United Commander,136,normal,uncommon,1,71321,24d6c178-ee0d-4907-bf6b-12b845bceaeb,0.13,false,false,false,near_mint,en,false,EUR,2026-10-05T12:41:50.809Z
Entchantments,binder,Eaten by Piranhas,FDN,Foundations,507,normal,uncommon,1,100444,475e28bb-1333-45e1-b6fd-83121c2f1ab9,0.25,false,false,false,near_mint,en,false,EUR,2026-10-05T13:42:00.465Z
Entchantments,binder,Untamed Hunger,FDN,Foundations,529,normal,common,1,97168,05937911-897b-4638-9536-2e463884f453,0.08,false,false,false,near_mint,en,false,EUR,2026-10-05T13:42:00.466Z
Entchantments,binder,Fog on the Barrow-Downs,LTR,The Lord of the Rings: Tales of Middle-earth,16,normal,common,1,83446,bb0cda3a-20d7-425a-89fe-b0a3cd7ced03,0.05,false,false,false,near_mint,en,false,EUR,2026-10-05T13:48:12.557Z
Entchantments,binder,Pacifism,FDN,Foundations,501,normal,common,1,97181,839160d2-44a3-4566-be9d-558d043beac8,0.23,false,false,false,near_mint,en,false,EUR,2026-10-05T13:48:12.558Z
Entchantments,binder,Goblin Oriflamme,FDN,Foundations,539,normal,uncommon,1,101467,0259e4d8-849b-468e-a902-aa1d7f2d5b6a,0.26,false,false,false,near_mint,en,false,EUR,2026-10-05T13:48:12.561Z
Entchantments,binder,New Horizons,FDN,Foundations,557,normal,common,1,101559,86b3923c-c35c-4eb2-9dd3-b15c13778ecf,0.27,false,false,false,near_mint,en,false,EUR,2026-10-05T13:48:12.562Z
Entchantments,binder,Gift of Strands,LTR,The Lord of the Rings: Tales of Middle-earth,170,normal,uncommon,1,83277,8c54ee0c-1432-4f20-9a92-2cdfcbab30ac,0.07,false,false,false,near_mint,en,false,EUR,2026-10-05T13:48:12.563Z
Entchantments,binder,So Tiny,ELD,Throne of Eldraine,64,normal,common,1,46274,421650f2-1b34-4a36-9675-9424997c9d0b,0.07,false,false,false,near_mint,en,false,EUR,2026-10-05T13:48:12.564Z
Entchantments,binder,Prayer of Binding,FDN,Foundations,502,normal,uncommon,1,101573,a30b42c4-90d8-462d-aca5-891906992ab8,0.17,false,false,false,near_mint,en,false,EUR,2026-10-05T13:48:12.565Z
Entchantments,binder,Starlight Snare,FDN,Foundations,514,normal,common,1,101549,74fb19b2-4f6c-4cbd-8756-a7eb5c7c9ef6,0.11,false,false,false,near_mint,en,false,EUR,2026-10-05T13:48:12.566Z
Entchantments,binder,Morgul-Knife Wound,LTR,The Lord of the Rings: Tales of Middle-earth,98,normal,common,3,83102,5ae08177-48ee-4404-834d-d3cd7482ae81,0.07,false,false,false,near_mint,en,false,EUR,2026-10-05T13:48:12.559Z
Entchantments,binder,Shortcut to Mushrooms,LTR,The Lord of the Rings: Tales of Middle-earth,187,normal,uncommon,1,82870,13bc14f9-c90c-499d-9024-3182d78e0a88,0.1,false,false,false,near_mint,en,false,EUR,2026-10-05T14:17:32.415Z
Entchantments,binder,Bewitching Leechcraft,LTR,The Lord of the Rings: Tales of Middle-earth,41,normal,common,1,83422,b612452e-b8a8-4a5a-82a8-01fd463cfc77,0.05,false,false,false,near_mint,en,false,EUR,2026-10-05T14:17:32.416Z
Entchantments,binder,Sheltered by Ghosts,SOC,Secrets of Strixhaven Commander,171,normal,uncommon,4,112020,8e8a5cfe-1b3f-4414-b9a4-078bdb4072a7,1.78,false,false,false,near_mint,en,false,EUR,2026-10-05T14:17:32.417Z
Entchantments,binder,Feather of Flight,BLB,Bloomburrow,13,normal,uncommon,2,95956,9fb41503-8632-4bf1-9bfe-6d9b9993c337,0.22,false,false,false,near_mint,en,false,EUR,2026-10-05T14:17:32.418Z
Entchantments,binder,Ethereal Armor,WOC,Wilds of Eldraine Commander,67,normal,common,4,85277,19557197-521d-4900-a260-1a21e49113f5,0.5,false,false,false,near_mint,en,false,EUR,2026-10-05T14:17:32.419Z
Entchantments,binder,Shardmage's Rescue,DSK,Duskmourn: House of Horror,29,normal,uncommon,3,98731,aed0cafa-d701-4e1f-9773-abcf817c244c,0.22,false,false,false,near_mint,en,false,EUR,2026-10-05T14:17:32.420Z
Entchantments,binder,Seam Rip,EOE,Edge of Eternities,34,normal,uncommon,4,107750,9d298847-2d02-4593-b4d3-c5b722edac1e,0.89,false,false,false,near_mint,en,false,EUR,2026-10-05T14:17:32.426Z
Entchantments,binder,March from the Black Gate,LTR,The Lord of the Rings: Tales of Middle-earth,94,normal,uncommon,1,82810,e57815d4-b21f-4ceb-a3f1-73cff5f0e612,0.16,false,false,false,near_mint,en,false,EUR,2026-10-05T14:44:56.425Z
Entchantments,binder,Traveler's Cloak,CNS,Conspiracy,109,normal,common,1,14311,c29e4a61-8f84-4c19-909d-6aebb3b9ab9b,0.1,false,false,false,near_mint,en,false,EUR,2026-10-05T14:44:56.427Z
Entchantments,binder,Fall of Cair Andros,LTR,The Lord of the Rings: Tales of Middle-earth,124,normal,rare,1,82985,354b4623-50a0-41f1-ad1e-7dd6ac3852df,0.23,false,false,false,near_mint,en,false,EUR,2026-10-05T14:44:56.429Z
Entchantments,binder,Fiery Inscription,LTR,The Lord of the Rings: Tales of Middle-earth,126,normal,uncommon,2,83276,8c321159-43e5-40fc-9f0c-4ecc4f6cfd20,0.28,false,false,false,near_mint,en,false,EUR,2026-10-05T14:44:56.428Z
Entchantments,binder,Authority of the Consuls,FIC,Final Fantasy Commander,232,normal,rare,1,105937,53e3fa87-8de0-4e3a-90bf-780dd0a9fb48,4.79,false,false,false,near_mint,en,false,EUR,2026-10-05T14:50:10.195Z
Entchantments,binder,Bastion of Remembrance,TLE,Avatar: The Last Airbender Eternal,160,normal,uncommon,1,109721,6fe6ccad-e303-48f9-9dfa-0db7c1878031,0.61,false,false,false,near_mint,en,false,EUR,2026-10-05T14:50:10.195Z
Entchantments,binder,Champions from Beyond,FIC,Final Fantasy Commander,11,normal,rare,1,106177,d1031ce5-063f-4c38-a6a9-abc15d254dfc,1.73,false,false,false,near_mint,en,false,EUR,2026-10-05T14:50:10.195Z
Entchantments,binder,Eye of Nidhogg,FIC,Final Fantasy Commander,44,normal,rare,1,105839,186862e7-91ba-47e9-bc38-e8e20772d40c,2.6,false,false,false,near_mint,en,false,EUR,2026-10-05T14:50:10.195Z
Entchantments,binder,Observed Stasis,FIC,Final Fantasy Commander,40,normal,rare,1,105962,6301c10c-8c27-4595-a0a7-30c621332b2c,0.26,false,false,false,near_mint,en,false,EUR,2026-10-05T14:50:10.195Z
Entchantments,binder,Propaganda,MSC,Marvel Super Heroes Commander,151,normal,uncommon,1,114254,ac943e31-26bc-4b54-b73f-460e6e402d86,2.22,false,false,false,near_mint,en,false,EUR,2026-10-05T14:50:10.195Z
Entchantments,binder,Binding the Old Gods,ECC,Lorwyn Eclipsed Commander,120,normal,uncommon,1,110487,41802f18-7d46-431a-acb3-dbcc82eb415a,0.21,false,false,false,near_mint,en,false,EUR,2026-10-05T14:50:58.355Z
Entchantments,binder,Dreadhorde Invasion,FRC,Reality Fracture Commander,48,normal,rare,1,116908,9bbfad2d-a3b5-4119-aea4-0793b7a9da88,0.27,false,false,false,near_mint,en,false,EUR,2026-10-05T14:52:02.902Z
Entchantments,binder,Oath of Teferi,CMM,Commander Masters,934,normal,rare,1,85062,f7474f9e-a994-4ed7-83df-22edd8219e24,1.23,false,false,false,near_mint,en,false,EUR,2026-10-05T14:52:02.902Z
Entchantments,binder,Plan for All Outcomes,FRA,Reality Fracture,35,normal,uncommon,1,116933,c4effc17-0d0e-423a-b5f2-597ea6c71f67,0.06,false,false,false,near_mint,en,false,EUR,2026-10-05T14:52:02.902Z
Entchantments,binder,Shark Typhoon,FRC,Reality Fracture Commander,44,normal,rare,1,116883,605ca3c0-7c9a-4bc1-9795-82aeb6f552ee,0.39,false,false,false,near_mint,en,false,EUR,2026-10-05T14:52:02.902Z
Entchantments,binder,Skrelv's Hive,FRC,Reality Fracture Commander,33,normal,rare,1,116951,e2652c4d-38a7-4014-94bb-7efd277de992,0.49,false,false,false,near_mint,en,false,EUR,2026-10-05T14:52:02.902Z
Entchantments,binder,Whirlwind of Thought,FRC,Reality Fracture Commander,51,normal,rare,1,116950,e1de5fb8-7206-44a6-b827-5c6a21c25296,0.21,false,false,false,near_mint,en,false,EUR,2026-10-05T14:52:02.902Z
Entchantments,binder,Windcrag Siege,FRC,Reality Fracture Commander,52,normal,rare,1,116858,235f5564-0928-411f-ade8-53838890f720,0.48,false,false,false,near_mint,en,false,EUR,2026-10-05T14:52:02.902Z
Entchantments,binder,Resourceful Defense,EOC,Edge of Eternities Commander,67,normal,rare,1,107286,78743ab3-0289-4799-b139-a37964532b92,0.35,false,false,false,near_mint,en,false,EUR,2026-10-05T14:52:42.361Z
Entchantments,binder,Furious Rise,FIC,Final Fantasy Commander,294,normal,uncommon,1,106104,a886ed1a-d6a4-46d2-8b97-ee4a533773fb,0.14,false,false,false,near_mint,en,false,EUR,2026-10-05T14:53:29.537Z
Entchantments,binder,Breaching Dragonstorm,TDM,Tarkir: Dragonstorm,101,normal,uncommon,1,105013,e2c2a069-7553-4879-abfb-b2aa3349e4b8,0.11,false,false,false,near_mint,en,false,EUR,2026-10-05T14:54:09.938Z
Entchantments,binder,Dragon Tempest,TDC,Tarkir: Dragonstorm Commander,94,normal,uncommon,1,104560,39ac7ad0-e570-4209-988c-7c0f9b9d2004,2.79,false,false,false,near_mint,en,false,EUR,2026-10-05T14:54:09.938Z
Entchantments,binder,Frontier Siege,TDC,Tarkir: Dragonstorm Commander,256,normal,rare,1,105051,f419710e-3a73-4db0-bf2e-e76730f22c4d,0.36,false,false,false,near_mint,en,false,EUR,2026-10-05T14:54:09.938Z
Entchantments,binder,Garruk's Uprising,ECC,Lorwyn Eclipsed Commander,109,normal,uncommon,1,110598,b58c4033-f764-42f6-966f-b7202a2babbf,0.56,false,false,false,near_mint,en,false,EUR,2026-10-05T14:54:09.938Z
Entchantments,binder,Reflections of Littjara,TDC,Tarkir: Dragonstorm Commander,164,normal,rare,1,104659,578a1846-8c1a-4013-b669-1d3f4ddbbaa3,1.76,false,false,false,near_mint,en,false,EUR,2026-10-05T14:54:09.938Z
Entchantments,binder,Rhythm of the Wild,NEC,Neon Dynasty Commander,142,normal,uncommon,1,67023,70d13ff4-e6ba-4bfe-9668-d11f7facb8d3,3.81,false,false,false,near_mint,en,false,EUR,2026-10-05T14:54:09.938Z
Entchantments,binder,Temur Ascendancy,TDC,Tarkir: Dragonstorm Commander,305,normal,rare,1,104672,5cedb54a-a6f6-48aa-acdf-01c988c1c37d,3.78,false,false,false,near_mint,en,false,EUR,2026-10-05T14:54:09.938Z
Entchantments,binder,Charmed Sleep,BLB,Bloomburrow,388,normal,common,2,96063,7d171802-2604-45a5-a0f2-ab5afa1db5d5,0.08,false,false,false,near_mint,en,false,EUR,2026-10-05T15:02:16.149Z
Entchantments,binder,Colossification,BLB,Bloomburrow,392,normal,rare,1,96111,c2cad902-ffd2-4bab-b114-b4b6df2ac6b3,0.49,false,false,false,near_mint,en,false,EUR,2026-10-05T15:02:41.079Z
Entchantments,binder,Celebrate the Mountain-king,HOB,The Hobbit,7,normal,uncommon,1,115169,42fbd61d-e1a6-465d-b1a3-f5ee0869d3af,0.09,false,false,false,near_mint,en,false,EUR,2026-10-05T15:32:53.127Z
Entchantments,binder,Enchanted River's Grasp,HOB,The Hobbit,39,normal,common,1,115225,ad40a4b9-9fab-49c1-8e9f-6e0776966833,0.05,false,false,false,near_mint,en,false,EUR,2026-10-05T15:32:53.128Z
Entchantments,binder,Super-Soldier Serum,MSH,Marvel Super Heroes,38,normal,rare,1,113373,845b0be1-4f85-4a8c-8205-dc85c8cf9a61,0.57,false,false,false,near_mint,en,false,EUR,2026-10-05T15:32:53.129Z
Entchantments,binder,SOLDIER Military Program,FIC,Final Fantasy Commander,25,normal,rare,1,106196,dddad2c2-bd19-42bd-aad6-bbf23ccef269,0.27,false,false,false,near_mint,en,false,EUR,2026-10-05T15:32:53.130Z
Entchantments,binder,Derelict Attic // Widow's Walk,DSK,Duskmourn: House of Horror,93,normal,common,1,99091,2cae24c1-53f1-4f3f-8795-b634c46a17c4,0.08,false,false,false,near_mint,en,false,EUR,2026-10-05T15:32:53.131Z
Entchantments,binder,Moldering Gym // Weight Room,DSK,Duskmourn: House of Horror,190,normal,common,1,99081,245d5a61-c40c-4039-aea8-3ad61415b8f0,0.11,false,false,false,near_mint,en,false,EUR,2026-10-05T15:32:53.132Z
Entchantments,binder,Fear of the Dark,DSK,Duskmourn: House of Horror,98,normal,common,1,98866,8700eb8d-1cc0-45ff-b769-c875ee6500ea,0.04,false,false,false,near_mint,en,false,EUR,2026-10-05T15:32:53.134Z
Entchantments,binder,Grand Entryway // Elegant Rotunda,DSK,Duskmourn: House of Horror,15,normal,common,1,98938,ef8a8ba7-f955-425d-9a16-816fc48a2a83,0.13,false,false,false,near_mint,en,false,EUR,2026-10-05T15:32:53.135Z
Entchantments,binder,Bottomless Pool // Locker Room,DSK,Duskmourn: House of Horror,43,normal,uncommon,1,98832,606fe87c-d17b-4fa7-8e82-e7002d8229ef,0.13,false,false,false,near_mint,en,false,EUR,2026-10-05T15:32:53.137Z
Entchantments,binder,Dazzling Theater // Prop Room,DSK,Duskmourn: House of Horror,3,normal,rare,1,99249,8e2fae80-60af-44cf-95b4-177837435d1a,0.6,false,false,false,near_mint,en,false,EUR,2026-10-05T15:32:53.138Z
Entchantments,binder,Unable to Scream,DSK,Duskmourn: House of Horror,78,normal,common,1,98853,7c59e0cd-10a8-4a32-9c0a-a2c6ef1ed9a6,0.14,false,false,false,near_mint,en,false,EUR,2026-10-05T15:32:53.139Z
Entchantments,binder,Glassworks // Shattered Yard,DSK,Duskmourn: House of Horror,137,normal,common,1,98950,fe32f667-8d9f-4414-913e-256cbc2fbc45,0.09,false,false,false,near_mint,en,false,EUR,2026-10-05T15:32:53.140Z
Entchantments,binder,Smoky Lounge // Misty Salon,DSK,Duskmourn: House of Horror,235,normal,uncommon,1,98621,4700987d-fc55-44eb-bc9f-0e0316ca65e2,0.14,false,false,false,near_mint,en,false,EUR,2026-10-05T15:32:53.141Z
Entchantments,binder,"Stay Hidden, Stay Silent",DSK,Duskmourn: House of Horror,74,normal,uncommon,1,98735,b661ffe7-4f58-43fe-a1f1-dd7a6d4d28a7,0.12,false,false,false,near_mint,en,false,EUR,2026-10-05T15:32:53.142Z
Entchantments,binder,Leyline of Hope,DSK,Duskmourn: House of Horror,18,normal,rare,1,95594,40960e47-3065-485e-aede-29a62411034e,0.48,false,false,false,near_mint,en,false,EUR,2026-10-05T15:32:53.143Z
Entchantments,binder,Dollmaker's Shop // Porcelain Gallery,DSK,Duskmourn: House of Horror,335,normal,mythic,1,98625,4b9225ce-f29d-4235-8e9d-98a4fd159f73,4.74,false,false,false,near_mint,en,false,EUR,2026-10-05T15:32:53.144Z
Entchantments,binder,Grievous Wound,DSK,Duskmourn: House of Horror,102,normal,rare,1,98712,6ed3dd5e-cd27-4b18-ad60-f5c4d9a811b9,0.24,false,false,false,near_mint,en,false,EUR,2026-10-05T15:32:53.145Z
Entchantments,binder,Grand Entryway // Elegant Rotunda,DSK,Duskmourn: House of Horror,15,foil,common,1,98938,ef8a8ba7-f955-425d-9a16-816fc48a2a83,0.13,false,false,false,near_mint,en,false,EUR,2026-10-05T15:32:53.146Z
Entchantments,binder,Painter's Studio // Defaced Gallery,DSK,Duskmourn: House of Horror,147,normal,uncommon,2,99393,e96901eb-5b57-43f4-a7b1-ae3b809bc36e,0.1,false,false,false,near_mint,en,false,EUR,2026-10-05T15:32:53.133Z
Entchantments,binder,Hollowmurk Siege,TDM,Tarkir: Dragonstorm,387,normal,rare,1,104922,bd9a6427-09cc-4ddf-88a6-fc23498a7c08,0.98,false,false,false,near_mint,en,false,EUR,2026-10-05T15:42:10.017Z
Entchantments,binder,Earth Village Ruffians,TLA,Avatar: The Last Airbender,219,normal,common,1,108212,56d4e0b7-232f-4953-84a3-e6f17781aa45,0.04,false,false,false,near_mint,en,false,EUR,2026-10-05T16:04:33.384Z
Entchantments,binder,Kyoshi Island Plaza,TLA,Avatar: The Last Airbender,184,normal,uncommon,1,109752,9c25ea98-9823-4487-bf6b-ee29ce5a4ed8,0.17,false,false,false,near_mint,en,false,EUR,2026-10-05T16:04:33.385Z
Entchantments,binder,Avatar Destiny,TLA,Avatar: The Last Airbender,165,normal,rare,1,109697,4d74da72-8443-4fce-9d64-d2041f6a3292,0.18,false,false,false,near_mint,en,false,EUR,2026-10-05T16:04:33.386Z
Entchantments,binder,Swampsnare Trap,TLA,Avatar: The Last Airbender,120,foil,common,1,109709,6348b6bf-08a7-45f0-8b2d-2827ab89f21c,0.06,false,false,false,near_mint,en,false,EUR,2026-10-05T16:04:33.387Z
Entchantments,binder,Obsessive Pursuit,TLA,Avatar: The Last Airbender,112,normal,rare,1,109823,e837e29c-d241-43c8-8f45-05056e082b60,0.73,false,false,false,near_mint,en,false,EUR,2026-10-05T16:04:33.388Z
Entchantments,binder,Northern Air Temple,TLA,Avatar: The Last Airbender,111,normal,uncommon,1,109370,06b7675e-e665-49cb-a8d9-7092a654d464,0.12,false,false,false,near_mint,en,false,EUR,2026-10-05T16:04:33.389Z
Entchantments,binder,The Spirit Oasis,TLA,Avatar: The Last Airbender,72,normal,uncommon,1,109414,3a1b1329-531c-47ed-9802-c505501f8fd9,0.15,false,false,false,near_mint,en,false,EUR,2026-10-05T16:04:33.390Z
Entchantments,binder,Honest Work,TLA,Avatar: The Last Airbender,55,normal,uncommon,1,109439,57e0ccb0-22f0-4e4d-9a47-c4fec2c7f251,0.12,false,false,false,near_mint,en,false,EUR,2026-10-05T16:04:33.391Z
Entchantments,binder,Southern Air Temple,TLA,Avatar: The Last Airbender,36,normal,uncommon,1,108118,5c172f9b-2184-4736-9f90-74ce08596292,0.13,false,false,false,near_mint,en,false,EUR,2026-10-05T16:04:33.392Z
Entchantments,binder,Team Avatar,TLA,Avatar: The Last Airbender,38,normal,uncommon,1,109768,a9a5f6f7-f04d-477f-b67f-fd01a5dcc0f5,0.13,false,false,false,near_mint,en,false,EUR,2026-10-05T16:04:33.393Z
Entchantments,binder,Path to Redemption,TLA,Avatar: The Last Airbender,31,normal,common,1,108310,f936d64a-0db4-49c1-8a57-6d99e012a555,0.04,false,false,false,near_mint,en,false,EUR,2026-10-05T16:04:33.394Z
Entchantments,binder,Crescent Island Temple,TLA,Avatar: The Last Airbender,129,normal,uncommon,1,109367,04c85150-269e-4158-a1b9-bd11bc6b7d79,0.14,false,false,false,near_mint,en,false,EUR,2026-10-05T16:04:33.395Z
Entchantments,binder,Bitter Work,TLA,Avatar: The Last Airbender,210,normal,uncommon,1,109686,3e8de6a9-9859-4ed2-8ece-ef80a7209be9,0.2,false,false,false,near_mint,en,false,EUR,2026-10-05T16:04:33.396Z
Entchantments,binder,Air Nomad Legacy,TLA,Avatar: The Last Airbender,206,normal,uncommon,1,109635,10874416-fa4c-4aa3-b885-4351d011d208,0.13,false,false,false,near_mint,en,false,EUR,2026-10-05T16:04:33.397Z
Entchantments,binder,Encroaching Dragonstorm,TDM,Tarkir: Dragonstorm,142,normal,uncommon,1,104630,4ddd4477-f8c9-4d05-9177-f8344ba8f40b,0.12,false,false,false,near_mint,en,false,EUR,2026-10-05T16:04:33.398Z
Entchantments,binder,Tempered in Solitude,NEO,Kamigawa: Neon Dynasty,165,normal,uncommon,1,66340,2cfd0693-6dba-4c0d-8c42-859d7bf38c40,0.15,false,false,false,near_mint,en,false,EUR,2026-10-05T16:04:33.399Z
Sagas,binder,Book of Mazarbul,LTR,The Lord of the Rings: Tales of Middle-earth,116,normal,uncommon,1,82829,04dcef75-6f98-4233-ae32-6fe41724c8e0,0.11,false,false,false,near_mint,en,false,EUR,2026-10-05T12:42:55.459Z
Sagas,binder,Book of Mazarbul,LTR,The Lord of the Rings: Tales of Middle-earth,116,foil,uncommon,1,82829,04dcef75-6f98-4233-ae32-6fe41724c8e0,0.17,false,false,false,near_mint,en,false,EUR,2026-10-05T12:42:55.460Z
Sagas,binder,The Bath Song,LTR,The Lord of the Rings: Tales of Middle-earth,40,normal,uncommon,1,83671,fb11c04f-6f17-4da4-bbf6-0bd09de6e544,0.09,false,false,false,near_mint,en,false,EUR,2026-10-05T12:42:55.461Z
Sagas,binder,War of the Last Alliance,LTR,The Lord of the Rings: Tales of Middle-earth,36,normal,rare,1,83120,60ddf2cd-5b33-4c8a-a610-8e6a15404dde,0.79,false,false,false,near_mint,en,false,EUR,2026-10-05T12:42:55.462Z
Sagas,binder,Tale of Tinúviel,LTR,The Lord of the Rings: Tales of Middle-earth,34,normal,uncommon,1,83330,9ae65f96-7bfd-4390-88bf-764c26bf4668,0.12,false,false,false,near_mint,en,false,EUR,2026-10-05T12:42:55.463Z
Sagas,binder,Long List of the Ents,LTR,The Lord of the Rings: Tales of Middle-earth,174,normal,uncommon,1,82946,27347256-2ac4-4b12-b288-0a8d578a1ff2,0.04,false,false,false,near_mint,en,false,EUR,2026-10-05T12:42:55.464Z
Sagas,binder,Oath of the Grey Host,LTR,The Lord of the Rings: Tales of Middle-earth,101,normal,uncommon,1,83165,6a780abd-f276-40d3-b2af-d2e47d858d3d,0.08,false,false,false,near_mint,en,false,EUR,2026-10-05T14:44:24.499Z
Sagas,binder,There and Back Again,LTR,The Lord of the Rings: Tales of Middle-earth,151,normal,rare,1,83303,939b0bd0-24ea-45de-a2d3-37bbf6a3e6f9,4.79,false,false,false,near_mint,en,false,EUR,2026-10-05T15:42:02.182Z
Artifacts,binder,Glamdring,LTR,The Lord of the Rings: Tales of Middle-earth,239,normal,mythic,1,83241,8296ebf7-45ed-4b38-acf2-b48d9fb3e706,1.72,false,false,false,near_mint,en,false,EUR,2026-10-05T12:43:41.656Z
Artifacts,binder,Goldvein Pick,FDN,Foundations,253,normal,common,1,101572,a241317d-2277-467e-a8f9-aa71c944e244,0.1,false,false,false,near_mint,en,false,EUR,2026-10-05T12:43:41.657Z
Artifacts,binder,Carnelian Orb of Dragonkind,FDN,Foundations,534,normal,common,1,101620,f0c07546-c5a1-4dfc-b5e1-d697578a8c11,0.67,false,false,false,near_mint,en,false,EUR,2026-10-05T13:42:16.677Z
Artifacts,binder,Pirate's Cutlass,FDN,Foundations,563,normal,common,2,101209,d9d20aef-d35b-4353-a241-e6cfa9730975,0.09,false,false,false,near_mint,en,false,EUR,2026-10-05T13:42:16.678Z
Artifacts,binder,Marble Diamond,VOC,Crimson Vow Commander,165,normal,common,1,64535,4b6b0727-f4b7-4ca5-bf82-339eb40041ba,0.2,false,false,false,near_mint,en,false,EUR,2026-10-05T13:57:41.769Z
Artifacts,binder,Barrow-Blade,LTR,The Lord of the Rings: Tales of Middle-earth,237,normal,uncommon,1,83629,f0eb7284-78a5-4b5e-8f6d-6be540e0bef8,0.08,false,false,false,near_mint,en,false,EUR,2026-10-05T13:57:41.770Z
Artifacts,binder,Leyline Axe,FDN,Foundations,129,normal,rare,1,101052,b9c03336-a321-4c06-94d1-809f328fabd8,2.71,false,false,false,near_mint,en,false,EUR,2026-10-05T13:57:41.771Z
Artifacts,binder,Lembas,LTR,The Lord of the Rings: Tales of Middle-earth,243,normal,common,2,83004,3b46aacf-b31a-4380-9e4b-82795fbaba3b,1.8,false,false,false,near_mint,en,false,EUR,2026-10-05T13:57:41.772Z
Artifacts,binder,Goblin Firebomb,FDN,Foundations,562,normal,common,1,101515,55ab3f99-9541-4100-818c-5d9e916791e4,0.1,false,false,false,near_mint,en,false,EUR,2026-10-05T13:57:41.774Z
Artifacts,binder,Bagel and Schmear,SPM,Marvel's Spider-Man,161,normal,common,1,108544,7f927f72-fc9b-444f-9e0e-78a5e8e7bcaa,0.06,false,false,false,near_mint,en,false,EUR,2026-10-05T13:57:41.776Z
Artifacts,binder,Quick-Draw Katana,FDN,Foundations,130,normal,common,2,101540,69beec98-c89c-4673-953c-8b3ef3d81560,0.04,false,false,false,near_mint,en,false,EUR,2026-10-05T13:57:41.775Z
Artifacts,binder,Galadhrim Bow,LTR,The Lord of the Rings: Tales of Middle-earth,167,normal,common,1,83340,9df34f21-798f-440d-8b09-ec5b5c0b8c12,0.04,false,false,false,near_mint,en,false,EUR,2026-10-05T14:18:41.716Z
Artifacts,binder,Dúnedain Blade,LTR,The Lord of the Rings: Tales of Middle-earth,6,normal,common,1,83014,3d5f92bf-e4e7-487a-834c-964fdd6ad674,0.06,false,false,false,near_mint,en,false,EUR,2026-10-05T14:18:41.717Z
Artifacts,binder,The One Ring,LTR,The Lord of the Rings: Tales of Middle-earth,246,foil,mythic,1,83540,d5806e68-1054-458e-866d-1f2470f682b2,123.05,false,false,false,near_mint,en,false,EUR,2026-10-05T14:19:49.465Z
Artifacts,binder,Mordor Trebuchet,LTR,The Lord of the Rings: Tales of Middle-earth,97,normal,common,1,83140,648bc8ae-1798-4c2f-a372-0487a90ba4d3,0.05,false,false,false,near_mint,en,false,EUR,2026-10-05T14:43:36.059Z
Artifacts,binder,"Grond, the Gatebreaker",LTR,The Lord of the Rings: Tales of Middle-earth,89,normal,uncommon,1,83056,4bc61b28-afdd-4de9-829b-ffe5ca7c7f19,0.11,false,false,false,near_mint,en,false,EUR,2026-10-05T14:43:36.060Z
Artifacts,binder,Mirror of Galadriel,LTR,The Lord of the Rings: Tales of Middle-earth,244,normal,uncommon,1,83454,bc95036f-98f2-4ea7-93bb-542ad7064540,0.1,false,false,false,near_mint,en,false,EUR,2026-10-05T14:43:36.061Z
Artifacts,binder,Inherited Envelope,LTR,The Lord of the Rings: Tales of Middle-earth,242,normal,common,1,83418,b590d028-ea6a-4550-b5e2-ba328a81bbc0,0.16,false,false,false,near_mint,en,false,EUR,2026-10-05T14:43:36.063Z
Artifacts,binder,Wizard's Rockets,LTR,The Lord of the Rings: Tales of Middle-earth,252,normal,common,1,82906,1c6ed742-dfb1-41e2-8f19-184555109e34,0.1,false,false,false,near_mint,en,false,EUR,2026-10-05T14:43:36.064Z
Artifacts,binder,Forebear's Blade,CMM,Commander Masters,384,normal,uncommon,1,84156,2570fb88-358f-4f36-87e3-d8375824d126,0.1,false,false,false,near_mint,en,false,EUR,2026-10-05T14:43:36.065Z
Artifacts,binder,Demonic Junker,DFT,Aetherdrift,83,normal,rare,1,103024,4aad569e-4acb-4416-9d4f-64e6991de3ed,0.41,false,false,false,near_mint,en,false,EUR,2026-10-05T14:43:36.069Z
Artifacts,binder,Stone of Erech,LTR,The Lord of the Rings: Tales of Middle-earth,251,normal,uncommon,2,83452,bc02e193-df33-4eb1-adc1-b51ee931218a,0.23,false,false,false,near_mint,en,false,EUR,2026-10-05T14:43:36.062Z
Artifacts,binder,Ent-Draught Basin,LTR,The Lord of the Rings: Tales of Middle-earth,238,normal,uncommon,2,82875,1500126f-fbe4-4c39-bb06-1a36e2c4682f,0.07,false,false,false,near_mint,en,false,EUR,2026-10-05T14:43:36.066Z
Artifacts,binder,Gimli's Axe,LTR,The Lord of the Rings: Tales of Middle-earth,130,normal,common,2,83550,d8999b6c-e501-48d0-ae51-a35b96f996ec,0.09,false,false,false,near_mint,en,false,EUR,2026-10-05T14:43:36.070Z
Artifacts,binder,Arcane Signet,FRC,Reality Fracture Commander,20,normal,uncommon,4,116935,c6b6117c-faab-4bbb-b851-07bd8061ef03,0.27,false,false,false,near_mint,en,false,EUR,2026-10-05T14:49:19.633Z
Artifacts,binder,Archaeomancer's Map,SOC,Secrets of Strixhaven Commander,136,normal,rare,1,111896,3679b9c8-ebae-474a-b862-6397edbcc4ea,1.43,false,false,false,near_mint,en,false,EUR,2026-10-05T14:49:19.633Z
Artifacts,binder,Astrologian's Planisphere,FIN,Final Fantasy,46,normal,rare,1,106146,bfa4e927-1d6f-4a64-9801-7d168a5ef3f6,0.29,false,false,false,near_mint,en,false,EUR,2026-10-05T14:49:19.633Z
Artifacts,binder,Blue Mage's Cane,FIC,Final Fantasy Commander,35,normal,rare,1,106067,9b3cfc13-db4e-4ec3-8444-f715bcd43be6,0.23,false,false,false,near_mint,en,false,EUR,2026-10-05T14:49:19.633Z
Artifacts,binder,Coveted Jewel,MSC,Marvel Super Heroes Commander,196,normal,rare,1,114278,06a7ad3b-87d4-47f0-9450-facac00dfe97,0.17,false,false,false,near_mint,en,false,EUR,2026-10-05T14:49:19.633Z
Artifacts,binder,Dancer's Chakrams,FIC,Final Fantasy Commander,17,normal,rare,1,105860,27ec595f-406b-4539-8d2e-eb98df1a0fc9,0.29,false,false,false,near_mint,en,false,EUR,2026-10-05T14:49:19.633Z
Artifacts,binder,Reaper's Scythe,FIC,Final Fantasy Commander,48,normal,rare,1,106209,e1e53ff2-c321-4fc8-b4d7-eb253d670c5b,0.25,false,false,false,near_mint,en,false,EUR,2026-10-05T14:49:19.633Z
Artifacts,binder,Relic of Legends,MSC,Marvel Super Heroes Commander,209,normal,uncommon,1,113845,89691cda-e38b-4f53-bee6-4c234186e6ad,1.06,false,false,false,near_mint,en,false,EUR,2026-10-05T14:49:19.633Z
Artifacts,binder,Sage's Nouliths,FIN,Final Fantasy,70,normal,common,1,106088,a12ff7c3-6ae0-4098-9240-ff3fd16a5288,0.04,false,false,false,near_mint,en,false,EUR,2026-10-05T14:49:19.633Z
Artifacts,binder,Sol Ring,FRC,Reality Fracture Commander,21,normal,uncommon,4,116898,8ee443cc-e17a-493b-9c93-1f9e141a30e4,1.13,false,false,false,near_mint,en,false,EUR,2026-10-05T14:49:19.633Z
Artifacts,binder,Talisman of Dominance,FRC,Reality Fracture Commander,62,normal,uncommon,2,116891,78d5366f-eb6d-4ec1-880b-111872863766,0.78,false,false,false,near_mint,en,false,EUR,2026-10-05T14:49:19.633Z
Artifacts,binder,Talisman of Hierarchy,SOC,Secrets of Strixhaven Commander,358,normal,uncommon,1,111840,0c959368-2f58-48de-b7a5-2bab408652b5,0.98,false,false,false,near_mint,en,false,EUR,2026-10-05T14:49:19.633Z
Artifacts,binder,Talisman of Progress,FRC,Reality Fracture Commander,64,normal,uncommon,2,116873,454ed9c8-3ec1-4b65-bf3f-29a186742aed,0.28,false,false,false,near_mint,en,false,EUR,2026-10-05T14:49:19.633Z
Artifacts,binder,Thought Vessel,MSC,Marvel Super Heroes Commander,222,normal,uncommon,1,113764,6ec6a910-f6d0-4225-8b55-d329dc788c64,2.19,false,false,false,near_mint,en,false,EUR,2026-10-05T14:49:19.633Z
Artifacts,binder,Tome of Legends,MSC,Marvel Super Heroes Commander,223,normal,rare,1,113829,84546bb2-6c82-4e3e-8f64-cb7aa865ee60,0.26,false,false,false,near_mint,en,false,EUR,2026-10-05T14:49:19.633Z
Artifacts,binder,White Auracite,FIN,Final Fantasy,41,normal,common,1,105873,2df6f515-9d21-4769-b1c4-c219611bccbb,0.06,false,false,false,near_mint,en,false,EUR,2026-10-05T14:49:19.633Z
Artifacts,binder,Exploration Broodship,EOC,Edge of Eternities Commander,14,normal,rare,1,107036,61596da3-2a0e-47d9-b707-8db4cce2479d,3.31,false,false,false,near_mint,en,false,EUR,2026-10-05T14:50:39.492Z
Artifacts,binder,Hammer of Purphoros,EOC,Edge of Eternities Commander,88,normal,rare,1,107091,900de725-741b-4b25-8e40-78ed7575a83f,0.32,false,false,false,near_mint,en,false,EUR,2026-10-05T14:50:39.492Z
Artifacts,binder,Azorius Signet,FRC,Reality Fracture Commander,53,normal,uncommon,1,116921,af690536-b0bc-4d85-8bb8-f6856b9f927b,0.23,false,false,false,near_mint,en,false,EUR,2026-10-05T14:51:35.521Z
Artifacts,binder,Chromatic Lantern,FRC,Reality Fracture Commander,54,normal,rare,1,116871,424c40b0-49d8-4a6f-a0ef-545738224ec9,0.48,false,false,false,near_mint,en,false,EUR,2026-10-05T14:51:35.521Z
Artifacts,binder,Currency Converter,FRC,Reality Fracture Commander,55,normal,rare,1,116969,f91b18ef-ac8a-4d4c-9586-b101681d33e2,0.41,false,false,false,near_mint,en,false,EUR,2026-10-05T14:51:35.521Z
Artifacts,binder,Cursed Mirror,FRC,Reality Fracture Commander,49,normal,rare,1,116855,1e82aa17-1eac-49e8-8a63-50357e564997,0.34,false,false,false,near_mint,en,false,EUR,2026-10-05T14:51:35.521Z
Artifacts,binder,Dimir Signet,FRC,Reality Fracture Commander,56,normal,uncommon,1,116837,0862060d-3198-4eeb-af8c-efeb27f42a99,0.68,false,false,false,near_mint,en,false,EUR,2026-10-05T14:51:35.521Z
Artifacts,binder,Fellwar Stone,FRC,Reality Fracture Commander,57,normal,uncommon,1,116929,bc99f300-29c0-44e7-9560-7bbd1dda7556,0.8,false,false,false,near_mint,en,false,EUR,2026-10-05T14:51:35.521Z
Artifacts,binder,Izzet Signet,FRC,Reality Fracture Commander,58,normal,uncommon,1,116945,d5e141ad-5cb8-416b-9acf-bce1baeb6b6b,0.32,false,false,false,near_mint,en,false,EUR,2026-10-05T14:51:35.521Z
Artifacts,binder,Proteus Staff,FRC,Reality Fracture Commander,59,normal,rare,1,116957,e6fcedb4-4152-47c3-a97e-34f4483ff94d,0.21,false,false,false,near_mint,en,false,EUR,2026-10-05T14:51:35.521Z
Artifacts,binder,Rakdos Signet,FRC,Reality Fracture Commander,60,normal,uncommon,1,116911,a263e71d-953f-4648-b326-33133cfa7e00,1.13,false,false,false,near_mint,en,false,EUR,2026-10-05T14:51:35.521Z
Artifacts,binder,Staff of the Storyteller,FRC,Reality Fracture Commander,34,normal,rare,1,116971,f9321060-c1bf-4190-aaf6-253d6df64237,0.54,false,false,false,near_mint,en,false,EUR,2026-10-05T14:51:35.521Z
Artifacts,binder,Talisman of Creativity,FRC,Reality Fracture Commander,61,normal,uncommon,1,116943,d4ba86c8-8052-4c9e-a0d0-ac6ad0b2679c,1.16,false,false,false,near_mint,en,false,EUR,2026-10-05T14:51:35.521Z
Artifacts,binder,Talisman of Indulgence,FRC,Reality Fracture Commander,63,normal,uncommon,1,116866,36bd614f-ab3b-4ad1-ab5c-a7ca0a641f32,0.95,false,false,false,near_mint,en,false,EUR,2026-10-05T14:51:35.521Z
Artifacts,binder,Astral Cornucopia,SOC,Secrets of Strixhaven Commander,342,normal,rare,1,111850,15175742-11ae-4819-a5bd-412084b0b686,0.26,false,false,false,near_mint,en,false,EUR,2026-10-05T14:52:24.757Z
Artifacts,binder,Cloud Key,EOC,Edge of Eternities Commander,54,normal,rare,1,107319,b851ab76-e40e-4232-b120-0bc1905ef0b4,2.02,false,false,false,near_mint,en,false,EUR,2026-10-05T14:52:24.757Z
Artifacts,binder,Darksteel Reactor,EOC,Edge of Eternities Commander,134,normal,rare,1,107306,a07dd78e-8348-41ad-b6dd-f8a709e051fe,0.42,false,false,false,near_mint,en,false,EUR,2026-10-05T14:52:24.757Z
Artifacts,binder,Empowered Autogenerator,EOC,Edge of Eternities Commander,135,normal,rare,1,107240,1b6abe5b-9bd3-43a0-b1bb-e6ebb64b443c,0.18,false,false,false,near_mint,en,false,EUR,2026-10-05T14:52:24.757Z
Artifacts,binder,Everflowing Chalice,EOC,Edge of Eternities Commander,137,normal,uncommon,1,107346,e4ed0052-d6dd-4f69-8313-10863baefac9,0.3,false,false,false,near_mint,en,false,EUR,2026-10-05T14:52:24.757Z
Artifacts,binder,Gavel of the Righteous,EOC,Edge of Eternities Commander,55,normal,rare,1,107255,30749eac-542a-40ff-95ee-27dde538915c,0.19,false,false,false,near_mint,en,false,EUR,2026-10-05T14:52:24.757Z
Artifacts,binder,Golem Foundry,EOC,Edge of Eternities Commander,138,normal,common,1,107233,18724f37-d50b-4b00-bd47-c5bc6e62697a,0.26,false,false,false,near_mint,en,false,EUR,2026-10-05T14:52:24.757Z
Artifacts,binder,Insight Engine,EOC,Edge of Eternities Commander,6,normal,rare,1,107318,b826de8b-ed21-4e2b-b99a-e860c1cb876b,1.89,false,false,false,near_mint,en,false,EUR,2026-10-05T14:52:24.757Z
Artifacts,binder,Long-Range Sensor,EOC,Edge of Eternities Commander,11,normal,rare,1,107288,7bc56147-9920-401d-8e4e-93d497e8b67a,0.34,false,false,false,near_mint,en,false,EUR,2026-10-05T14:52:24.757Z
Artifacts,binder,Lux Artillery,EOC,Edge of Eternities Commander,140,normal,rare,1,107330,ca968493-8348-4b15-ab36-bcca9dbcc28a,0.2,false,false,false,near_mint,en,false,EUR,2026-10-05T14:52:24.757Z
Artifacts,binder,Lux Cannon,EOC,Edge of Eternities Commander,141,normal,rare,1,107335,d477db7e-d964-45b2-95ee-d6a382dd2aa9,0.28,false,false,false,near_mint,en,false,EUR,2026-10-05T14:52:24.757Z
Artifacts,binder,Moxite Refinery,EOC,Edge of Eternities Commander,17,normal,rare,1,107313,ad617991-21c0-47c6-bc84-6e7c33edf7ee,0.2,false,false,false,near_mint,en,false,EUR,2026-10-05T14:52:24.757Z
Artifacts,binder,Pentad Prism,EOC,Edge of Eternities Commander,56,normal,uncommon,1,107345,e4beb84e-9eb9-48a2-932a-91fbbf218b5b,0.23,false,false,false,near_mint,en,false,EUR,2026-10-05T14:52:24.757Z
Artifacts,binder,Solar Array,EOC,Edge of Eternities Commander,18,normal,rare,1,107223,03c45b66-ddc7-43f8-95d0-fe2ad743b3a4,0.31,false,false,false,near_mint,en,false,EUR,2026-10-05T14:52:24.757Z
Artifacts,binder,Soul-Guide Lantern,EOC,Edge of Eternities Commander,143,normal,uncommon,1,107353,f4907e7b-d6d5-4e9b-968f-bce34ae4a577,0.29,false,false,false,near_mint,en,false,EUR,2026-10-05T14:52:24.757Z
Artifacts,binder,Titan Forge,EOC,Edge of Eternities Commander,146,normal,rare,1,107298,91a3c3ba-6dbb-454c-86ad-064875382499,0.12,false,false,false,near_mint,en,false,EUR,2026-10-05T14:52:24.757Z
Artifacts,binder,Uthros Research Craft,EOC,Edge of Eternities Commander,7,normal,rare,1,107277,6ade097b-349f-4876-bdc8-7bcd051e9952,2.2,false,false,false,near_mint,en,false,EUR,2026-10-05T14:52:24.757Z
Artifacts,binder,Arcane Signet,FIC,Final Fantasy Commander,333,normal,common,1,106240,f4f7cc5b-a52a-470b-8970-260b61c91ad5,0.76,false,false,false,near_mint,en,false,EUR,2026-10-05T14:53:12.825Z
Artifacts,binder,Behemoth Sledge,FIC,Final Fantasy Commander,320,normal,uncommon,1,105855,22b8fad5-bb39-4a1b-9f9b-c0c9cf8228bb,0.16,false,false,false,near_mint,en,false,EUR,2026-10-05T14:53:12.825Z
Artifacts,binder,Blackblade Reforged,BRR,The Brothers' War Retro Artifacts,6,normal,rare,1,75364,2cde7ae2-87b9-43d0-87cf-38c8706dd95e,1.66,false,false,false,near_mint,en,false,EUR,2026-10-05T14:53:12.825Z
Artifacts,binder,Champion's Helm,FIC,Final Fantasy Commander,337,normal,rare,1,106090,a207957a-16e4-4830-a101-39bcd4a46e61,1.32,false,false,false,near_mint,en,false,EUR,2026-10-05T14:53:12.825Z
Artifacts,binder,Colossus Hammer,FIC,Final Fantasy Commander,338,normal,uncommon,1,106241,f50acbb6-b295-4aaa-bd75-7a94b704b945,0.89,false,false,false,near_mint,en,false,EUR,2026-10-05T14:53:12.825Z
Artifacts,binder,Conformer Shuriken,FIC,Final Fantasy Commander,98,normal,rare,1,105793,019615fa-4bec-41e8-9c4c-2c6f91bdefb2,0.3,false,false,false,near_mint,en,false,EUR,2026-10-05T14:53:12.825Z
Artifacts,binder,Conqueror's Flail,FIC,Final Fantasy Commander,340,normal,rare,1,106037,8e47061a-5505-4fe3-8caa-b0279b26e9b2,0.86,false,false,false,near_mint,en,false,EUR,2026-10-05T14:53:12.825Z
Artifacts,binder,Darksteel Plate,FIC,Final Fantasy Commander,342,normal,rare,1,105917,49277723-84df-4842-a8e5-cdf1c1aa8161,3.56,false,false,false,near_mint,en,false,EUR,2026-10-05T14:53:12.825Z
Artifacts,binder,Hero's Blade,FIC,Final Fantasy Commander,345,normal,uncommon,1,106078,9f67b38f-275c-459d-ab9c-4851106ec732,0.2,false,false,false,near_mint,en,false,EUR,2026-10-05T14:53:12.825Z
Artifacts,binder,Hero's Heirloom,FIC,Final Fantasy Commander,346,normal,uncommon,1,105809,08866f84-406d-4372-9893-ba22690a48ef,0.21,false,false,false,near_mint,en,false,EUR,2026-10-05T14:53:12.825Z
Artifacts,binder,Inspiring Statuary,FIC,Final Fantasy Commander,347,normal,rare,1,105978,6c28687d-b96a-4d3c-a6cb-99fbae6a384b,0.26,false,false,false,near_mint,en,false,EUR,2026-10-05T14:53:12.825Z
Artifacts,binder,Lightning Greaves,FIC,Final Fantasy Commander,349,normal,uncommon,1,105996,779abd27-985f-4bb9-9330-38d49bf52903,4.42,false,false,false,near_mint,en,false,EUR,2026-10-05T14:53:12.825Z
Artifacts,binder,Mask of Memory,FIC,Final Fantasy Commander,350,normal,uncommon,1,106106,a9118fbe-f19c-4a65-a6ac-1c8a6308628d,0.34,false,false,false,near_mint,en,false,EUR,2026-10-05T14:53:12.825Z
Artifacts,binder,Skullclamp,FIC,Final Fantasy Commander,355,normal,uncommon,1,105930,4e5d5649-3e30-4aca-80f8-5a7522d366da,5.89,false,false,false,near_mint,en,false,EUR,2026-10-05T14:53:12.825Z
Artifacts,binder,Sol Ring,FIC,Final Fantasy Commander,357,normal,uncommon,1,106178,d105068a-d4f1-4971-b5a0-72806a798497,1.63,false,false,false,near_mint,en,false,EUR,2026-10-05T14:53:12.825Z
Artifacts,binder,Summoning Materia,FIC,Final Fantasy Commander,72,normal,rare,1,105837,176401fb-f87c-4085-9dac-e6c8a843e32e,0.26,false,false,false,near_mint,en,false,EUR,2026-10-05T14:53:12.825Z
Artifacts,binder,Swiftfoot Boots,MSC,Marvel Super Heroes Commander,216,normal,uncommon,1,114236,6675632d-d74a-4b1e-8539-ac678d5545a5,2.54,false,false,false,near_mint,en,false,EUR,2026-10-05T14:53:12.825Z
Artifacts,binder,Sword of the Animist,FIC,Final Fantasy Commander,362,normal,rare,1,106103,a822129c-0699-40e2-8639-c1a609a5ba3b,4.13,false,false,false,near_mint,en,false,EUR,2026-10-05T14:53:12.825Z
Artifacts,binder,Trailblazer's Boots,FIC,Final Fantasy Commander,370,normal,uncommon,1,106254,fd1f14be-8c7c-471d-93e3-5856f48ff94a,1.15,false,false,false,near_mint,en,false,EUR,2026-10-05T14:53:12.825Z
Artifacts,binder,Ultima Weapon,FIN,Final Fantasy,563,normal,rare,1,106135,b9162d08-a6ba-4e6e-b82c-9b092bd781dd,4.42,false,false,false,near_mint,en,false,EUR,2026-10-05T14:53:12.825Z
Artifacts,binder,Wrecking Ball Arm,FIC,Final Fantasy Commander,100,normal,rare,1,106210,e1f16620-08d6-49bd-9f75-d89ae46bfd1f,0.43,false,false,false,near_mint,en,false,EUR,2026-10-05T14:53:12.825Z
Artifacts,binder,Arcane Signet,TDC,Tarkir: Dragonstorm Commander,105,normal,uncommon,1,104325,935644d4-a140-4f24-b8ab-d5e79a682a9b,0.88,false,false,false,near_mint,en,false,EUR,2026-10-05T14:53:52.726Z
Artifacts,binder,Dragon's Hoard,TDC,Tarkir: Dragonstorm Commander,317,normal,rare,1,104575,3ee80876-6e87-46c4-a6fd-ff6752db3032,0.66,false,false,false,near_mint,en,false,EUR,2026-10-05T14:53:52.726Z
Artifacts,binder,Fellwar Stone,SOC,Secrets of Strixhaven Commander,347,normal,uncommon,1,111900,385b9f5e-81dd-49f6-a644-59d53245e3dc,1.1,false,false,false,near_mint,en,false,EUR,2026-10-05T14:53:52.726Z
Artifacts,binder,Gilded Lotus,BLC,Bloomburrow Commander,271,normal,rare,1,96339,725cb5db-d4b6-453b-9a10-4ab7d98e1023,0.78,false,false,false,near_mint,en,false,EUR,2026-10-05T14:53:52.726Z
Artifacts,binder,Sol Ring,TDC,Tarkir: Dragonstorm Commander,106,normal,uncommon,1,104314,7b0ccfd4-f118-4497-9c5a-54cf12000e16,1.24,false,false,false,near_mint,en,false,EUR,2026-10-05T14:53:52.726Z
Artifacts,binder,Talisman of Creativity,SOC,Secrets of Strixhaven Commander,357,normal,uncommon,1,111845,101e47ed-4afe-4d15-b6c3-4ab495965fde,1.98,false,false,false,near_mint,en,false,EUR,2026-10-05T14:53:52.726Z
Artifacts,binder,Talisman of Impulse,TDC,Tarkir: Dragonstorm Commander,332,normal,uncommon,1,104643,5135919f-7b10-4a2e-a98a-83ed1347ad36,0.35,false,false,false,near_mint,en,false,EUR,2026-10-05T14:53:52.726Z
Artifacts,binder,Worn Powerstone,MH3,Modern Horizons 3,298,normal,uncommon,1,94578,ace686ad-9e3f-41b3-b8eb-d1b6d45eb4e1,0.17,false,false,false,near_mint,en,false,EUR,2026-10-05T14:53:52.726Z
Artifacts,binder,Sword of Vengeance,BLB,Bloomburrow,395,normal,rare,1,96136,f21b5fc1-7611-44ac-ad8d-1f0c6d4fc9a3,0.72,false,false,false,near_mint,en,false,EUR,2026-10-05T15:01:59.636Z
Artifacts,binder,Carrot Cake,BLB,Bloomburrow,7,normal,common,2,95636,eb03bb4f-8b4b-417e-bfc6-294cd2186b2e,0.11,false,false,false,near_mint,en,false,EUR,2026-10-05T15:02:32.319Z
Artifacts,binder,Well-Worn Spatula,HOB,The Hobbit,180,normal,common,1,115055,659b687f-4068-496f-81b2-7b606bf07ec1,0.06,false,false,false,near_mint,en,false,EUR,2026-10-05T15:34:13.450Z
Artifacts,binder,The Dominion Bracelet,EOE,Edge of Eternities,239,normal,mythic,1,107354,f5360880-2849-45d6-b1aa-08c7e01083af,0.57,false,false,false,near_mint,en,false,EUR,2026-10-05T15:34:13.452Z
Artifacts,binder,Super-Soldier Serum,MSH,Marvel Super Heroes,299,normal,rare,1,113385,dbe76b0f-b9ba-4a5d-ae35-288cc95dd6a4,0.63,false,false,false,near_mint,en,false,EUR,2026-10-05T15:34:13.453Z
Artifacts,binder,Goblin Plate Mail,HOB,The Hobbit,157,normal,common,1,115085,cb982607-da37-4894-91a5-cf6307d4d703,0.07,false,false,false,near_mint,en,false,EUR,2026-10-05T15:34:13.454Z
Artifacts,binder,Getaway Barrel,HOB,The Hobbit,98,normal,rare,1,115092,e4819aa6-5d28-4a37-942d-89523e30c4e1,0.14,false,false,false,near_mint,en,false,EUR,2026-10-05T15:34:13.456Z
Artifacts,binder,Explorer's Scope,FIC,Final Fantasy Commander,344,normal,common,1,106139,bc50f65f-1866-4fa6-b318-1d981845723b,0.15,false,false,false,near_mint,en,false,EUR,2026-10-05T15:34:13.457Z
Artifacts,binder,Dissection Tools,DSK,Duskmourn: House of Horror,245,normal,rare,1,99037,048bb2c6-91bd-4d6a-a070-c73d8277c264,0.22,false,false,false,near_mint,en,false,EUR,2026-10-05T15:34:13.458Z
Artifacts,binder,Malevolent Chandelier,DSK,Duskmourn: House of Horror,252,normal,common,1,99015,ef09d296-4493-47f7-ad76-ad76c747df78,0.04,false,false,false,near_mint,en,false,EUR,2026-10-05T15:34:13.459Z
Artifacts,binder,Friendly Teddy,DSK,Duskmourn: House of Horror,247,normal,common,1,98860,82b142be-4586-487a-8dd8-a55eff776458,0.06,false,false,false,near_mint,en,false,EUR,2026-10-05T15:34:13.461Z
Artifacts,binder,Crude Bent Blade,HOB,The Hobbit,63,normal,common,2,115116,fa8fd3c4-bd00-485d-80b1-2b67f5786fce,0.05,false,false,false,near_mint,en,false,EUR,2026-10-05T15:34:13.451Z
Artifacts,binder,Glimmerlight,DSK,Duskmourn: House of Horror,249,normal,common,2,98777,1071691c-5c65-42d4-ac96-d302185ca678,0.08,false,false,false,near_mint,en,false,EUR,2026-10-05T15:34:13.460Z
Artifacts,binder,Living Phone,DSK,Duskmourn: House of Horror,20,normal,common,2,99234,8266f93b-f91c-4427-a222-075ceb0be3af,0.08,false,false,false,near_mint,en,false,EUR,2026-10-05T15:34:13.462Z
Artifacts,binder,"Sting, the Glinting Dagger",LTR,The Lord of the Rings: Tales of Middle-earth,250,normal,rare,1,83396,afbec7e7-f5b9-407e-bf96-2e088710e791,2.07,false,false,false,near_mint,en,false,EUR,2026-10-05T15:43:35.026Z
Artifacts,binder,Jinxed Ring,STH,Stronghold,137,normal,rare,1,36508,1c675814-094c-45d4-93ee-0f50b4755e79,0.69,false,false,false,near_mint,en,false,EUR,2026-10-05T15:43:35.027Z
Artifacts,binder,Tundra Tank,TLA,Avatar: The Last Airbender,121,normal,uncommon,1,109384,13c66fce-8f8e-4a98-8413-9f05aebf6e13,0.06,false,false,false,near_mint,en,false,EUR,2026-10-05T16:08:53.589Z
Artifacts,binder,Invasion Submersible,TLA,Avatar: The Last Airbender,57,normal,uncommon,1,109516,af5299f5-1633-4c07-ade5-fd47e29ea4aa,0.21,false,false,false,near_mint,en,false,EUR,2026-10-05T16:08:53.590Z
Artifacts,binder,War Balloon,TLA,Avatar: The Last Airbender,159,normal,uncommon,1,109451,6829b20d-c2fa-41a6-89ca-f21c522d8866,0.08,false,false,false,near_mint,en,false,EUR,2026-10-05T16:08:53.591Z
Artifacts,binder,Waterbending Scroll,TLA,Avatar: The Last Airbender,81,normal,uncommon,1,109917,50d0be73-a2c8-44a0-9178-9949f342f6f9,0.22,false,false,false,near_mint,en,false,EUR,2026-10-05T16:08:53.592Z
Artifacts,binder,Glider Staff,TLA,Avatar: The Last Airbender,22,normal,uncommon,1,109467,7517f2eb-a24d-49f6-82bf-08de55d3789a,0.17,false,false,false,near_mint,en,false,EUR,2026-10-05T16:08:53.593Z
Artifacts,binder,Meteor Sword,TLA,Avatar: The Last Airbender,258,normal,uncommon,1,109712,68b1c746-a4b8-4a45-9f0e-3962f0ae40e3,0.19,false,false,false,near_mint,en,false,EUR,2026-10-05T16:08:53.594Z
Artifacts,binder,Kyoshi Battle Fan,TLA,Avatar: The Last Airbender,257,normal,common,1,109659,257e6862-96fe-4312-aff2-509d0696843a,0.07,false,false,false,near_mint,en,false,EUR,2026-10-05T16:08:53.595Z
Artifacts,binder,Trusty Boomerang,TLA,Avatar: The Last Airbender,260,normal,uncommon,1,109564,df99a166-6d58-4d92-9037-2fdfbaf65629,0.14,false,false,false,near_mint,en,false,EUR,2026-10-05T16:08:53.596Z
Artifacts,binder,Barrels of Blasting Jelly,TLA,Avatar: The Last Airbender,254,normal,common,1,108208,4fd83083-3779-41f0-90a0-a00e3270e4e6,0.18,false,false,false,near_mint,en,false,EUR,2026-10-05T16:08:53.597Z
Non-Basic Lands,binder,Mines of Moria,LTR,The Lord of the Rings: Tales of Middle-earth,257,normal,rare,1,82847,0be723d6-4ada-4c3f-b87b-8ab83a4bbb8f,1.88,false,false,false,near_mint,en,false,EUR,2026-10-05T12:45:02.332Z
Non-Basic Lands,binder,Minas Tirith,LTR,The Lord of the Rings: Tales of Middle-earth,420,normal,rare,1,83006,3baa1dea-e74f-44c4-bfed-7dfaa3ecd332,8.31,false,false,false,near_mint,en,false,EUR,2026-10-05T12:45:02.336Z
Non-Basic Lands,binder,Great Hall of the Citadel,LTR,The Lord of the Rings: Tales of Middle-earth,254,normal,common,1,82923,219c7b57-b62b-42d1-85d9-4b57624a3f54,0.17,false,false,false,near_mint,en,false,EUR,2026-10-05T12:45:02.339Z
Non-Basic Lands,binder,Sun-Blessed Peak,TLA,Avatar: The Last Airbender,280,normal,common,2,109515,ae04c862-095f-41d2-8aef-21036d5a0cdc,0.15,false,false,false,near_mint,en,false,EUR,2026-10-05T12:45:02.333Z
Non-Basic Lands,binder,Uncharted Haven,FDN,Foundations,564,normal,common,6,97170,172cd5b7-98fc-4add-b858-a0b3dfb75c19,0.12,false,false,false,near_mint,en,false,EUR,2026-10-05T12:45:02.334Z
Non-Basic Lands,binder,Swiftwater Cliffs,FDN,Foundations,268,normal,common,1,101389,fb88667d-7088-4889-960f-317486ebe856,0.07,false,false,false,near_mint,en,false,EUR,2026-10-05T13:58:19.933Z
Non-Basic Lands,binder,Secluded Courtyard,FDN,Foundations,267,normal,uncommon,1,101161,d13373d2-139b-48c7-a8c9-828cefc4f150,0.29,false,false,false,near_mint,en,false,EUR,2026-10-05T13:58:19.934Z
Non-Basic Lands,binder,Dismal Backwater,FDN,Foundations,261,normal,common,1,101220,dbb0df36-8467-4a41-8e1c-6c3584d4fd10,0.06,false,false,false,near_mint,en,false,EUR,2026-10-05T13:58:19.935Z
Non-Basic Lands,binder,Shire Terrace,LTR,The Lord of the Rings: Tales of Middle-earth,261,normal,common,2,82936,25932483-58cd-4ae5-82bf-ab455177d117,0.09,false,false,false,near_mint,en,false,EUR,2026-10-05T13:58:19.929Z
Non-Basic Lands,binder,Rocky Roads,DFT,Aetherdrift,261,normal,uncommon,1,103095,6f0d4e8a-aab5-458e-bc0e-2b6b0054646a,0.09,false,false,false,near_mint,en,false,EUR,2026-10-05T14:45:24.101Z
Non-Basic Lands,binder,The Grey Havens,LTR,The Lord of the Rings: Tales of Middle-earth,255,normal,uncommon,1,83571,dd698f10-b0fc-42fc-84ec-f5a0d96bfa1d,0.2,false,false,false,near_mint,en,false,EUR,2026-10-05T14:45:24.102Z
Non-Basic Lands,binder,The Grey Havens,LTR,The Lord of the Rings: Tales of Middle-earth,443,normal,uncommon,1,83319,9714aa30-1db2-4670-9a0b-72acfc3f703c,0.15,false,false,false,near_mint,en,false,EUR,2026-10-05T14:45:24.103Z
Non-Basic Lands,binder,Arcane Sanctum,FIC,Final Fantasy Commander,373,normal,uncommon,1,106018,82ce1102-a88c-46ff-9fc1-7153beb50b6a,0.38,false,false,false,near_mint,en,false,EUR,2026-10-05T14:50:18.404Z
Non-Basic Lands,binder,Ash Barrens,TMC,Teenage Mutant Ninja Turtles Eternal,60,normal,common,1,111383,e8510205-4baa-4f1c-bf64-5d931e2ddf48,0.1,false,false,false,near_mint,en,false,EUR,2026-10-05T14:50:18.404Z
Non-Basic Lands,binder,Choked Estuary,MSC,Marvel Super Heroes Commander,229,normal,rare,1,114213,0c37e84e-e7e0-4dfe-bf17-daeb2e434861,0.25,false,false,false,near_mint,en,false,EUR,2026-10-05T14:50:18.404Z
Non-Basic Lands,binder,Command Tower,FRC,Reality Fracture Commander,22,normal,common,4,116853,1ac6cb62-45da-4e9a-84c6-09e6eacf0664,0.16,false,false,false,near_mint,en,false,EUR,2026-10-05T14:50:18.404Z
Non-Basic Lands,binder,Contaminated Aquifer,FIC,Final Fantasy Commander,383,normal,common,1,106145,bf544abb-c338-4da4-bb77-eddd3aaacc9a,0.51,false,false,false,near_mint,en,false,EUR,2026-10-05T14:50:18.404Z
Non-Basic Lands,binder,Darkwater Catacombs,FIC,Final Fantasy Commander,384,normal,rare,1,106141,bcb5a670-7c8f-4b76-82c6-c89abffbb4bd,0.29,false,false,false,near_mint,en,false,EUR,2026-10-05T14:50:18.404Z
Non-Basic Lands,binder,Demolition Field,FIC,Final Fantasy Commander,385,normal,uncommon,1,106007,7f6d8cae-face-4bff-8c0a-348cefe1e9dd,0.32,false,false,false,near_mint,en,false,EUR,2026-10-05T14:50:18.404Z
Non-Basic Lands,binder,Desolate Mire,SOC,Secrets of Strixhaven Commander,367,normal,rare,1,111965,6a261c7d-38a4-4000-97b2-76e7ab9989c5,0.33,false,false,false,near_mint,en,false,EUR,2026-10-05T14:50:18.404Z
Non-Basic Lands,binder,Drowned Catacomb,FRC,Reality Fracture Commander,69,normal,rare,2,116874,4acb0f92-74be-40e8-b70e-61c4aaaeb47b,1.05,false,false,false,near_mint,en,false,EUR,2026-10-05T14:50:18.404Z
Non-Basic Lands,binder,Evolving Wilds,MSC,Marvel Super Heroes Commander,240,normal,common,3,114180,c0318a48-30e4-4ef7-be3d-5e561c5ce428,0.13,false,false,false,near_mint,en,false,EUR,2026-10-05T14:50:18.404Z
Non-Basic Lands,binder,Exotic Orchard,FRC,Reality Fracture Commander,70,normal,rare,3,116939,cc14b1ee-5def-42df-8ef6-0d91dba39e3a,0.19,false,false,false,near_mint,en,false,EUR,2026-10-05T14:50:18.404Z
Non-Basic Lands,binder,Fetid Heath,FRC,Reality Fracture Commander,72,normal,rare,2,116919,ae07ff9f-d5a8-4220-b08f-fe8fad5adcb7,0.26,false,false,false,near_mint,en,false,EUR,2026-10-05T14:50:18.404Z
Non-Basic Lands,binder,Glacial Fortress,FRC,Reality Fracture Commander,73,normal,rare,3,116869,3c726a60-8de7-4d5e-8ad5-8405e6ac36b5,0.25,false,false,false,near_mint,en,false,EUR,2026-10-05T14:50:18.404Z
Non-Basic Lands,binder,Idyllic Beachfront,FIC,Final Fantasy Commander,404,normal,common,1,106122,afe2ebec-0310-4b2f-ace4-fb293a1e4837,0.19,false,false,false,near_mint,en,false,EUR,2026-10-05T14:50:18.404Z
Non-Basic Lands,binder,Island,TRK,Star Trek,319,normal,common,6,115463,f3cc07cd-cc79-4745-b0b7-eade60175cc3,,false,false,false,near_mint,en,false,EUR,2026-10-05T14:50:18.404Z
Non-Basic Lands,binder,Isolated Chapel,FRC,Reality Fracture Commander,74,normal,rare,2,116924,b3169b9a-f5e3-402e-883a-08274d0c7b12,0.34,false,false,false,near_mint,en,false,EUR,2026-10-05T14:50:18.404Z
Non-Basic Lands,binder,Path of Ancestry,FRC,Reality Fracture Commander,77,normal,common,2,116932,c047dedc-43bc-4a7c-bca4-182283c89069,0.15,false,false,false,near_mint,en,false,EUR,2026-10-05T14:50:18.404Z
Non-Basic Lands,binder,Plains,TRK,Star Trek,317,normal,common,4,115426,8ab0f4c0-b331-4c57-b68f-2e24bb5ba06c,,false,false,false,near_mint,en,false,EUR,2026-10-05T14:50:18.404Z
Non-Basic Lands,binder,Port Town,MSC,Marvel Super Heroes Commander,256,normal,rare,1,113649,3f962cab-c058-41f5-b7e1-5b063f374eb0,0.18,false,false,false,near_mint,en,false,EUR,2026-10-05T14:50:18.404Z
Non-Basic Lands,binder,Prairie Stream,FRC,Reality Fracture Commander,79,normal,rare,2,116918,a93c2e0b-3fca-476e-ae5b-a331ccacae19,0.18,false,false,false,near_mint,en,false,EUR,2026-10-05T14:50:18.404Z
Non-Basic Lands,binder,Scavenger Grounds,MSC,Marvel Super Heroes Commander,263,normal,rare,1,113891,9fbe68ba-ffe5-4fe0-ac0a-0b3221e4f395,0.21,false,false,false,near_mint,en,false,EUR,2026-10-05T14:50:18.404Z
Non-Basic Lands,binder,Shineshadow Snarl,SOC,Secrets of Strixhaven Commander,403,normal,rare,1,111984,7a198106-4d31-4e10-884a-bdf2316f8088,0.25,false,false,false,near_mint,en,false,EUR,2026-10-05T14:50:18.404Z
Non-Basic Lands,binder,Skycloud Expanse,EOC,Edge of Eternities Commander,181,normal,rare,2,107224,03f8c846-d80c-49a4-a562-e817cd0c6096,0.19,false,false,false,near_mint,en,false,EUR,2026-10-05T14:50:18.404Z
Non-Basic Lands,binder,Sunken Hollow,MSC,Marvel Super Heroes Commander,271,normal,rare,1,114222,3a8eef9b-9b03-42cd-a27a-07021bf0b33f,0.38,false,false,false,near_mint,en,false,EUR,2026-10-05T14:50:18.404Z
Non-Basic Lands,binder,Sunken Ruins,FRC,Reality Fracture Commander,86,normal,rare,2,116927,b8652a52-d9f6-42ad-9746-6827845b540e,1.82,false,false,false,near_mint,en,false,EUR,2026-10-05T14:50:18.404Z
Non-Basic Lands,binder,Sunlit Marsh,SOC,Secrets of Strixhaven Commander,409,normal,common,1,112198,fa447616-db24-4729-bf66-7f72aba0272d,0.18,false,false,false,near_mint,en,false,EUR,2026-10-05T14:50:18.404Z
Non-Basic Lands,binder,Swamp,TRK,Star Trek,322,normal,common,9,115389,214a9e76-b7fd-4cc9-89e7-104a71919a84,,false,false,false,near_mint,en,false,EUR,2026-10-05T14:50:18.404Z
Non-Basic Lands,binder,Temple of the False God,SOC,Secrets of Strixhaven Commander,416,normal,uncommon,1,111846,1024f555-e0d7-48ac-b86e-c87290eac832,0.18,false,false,false,near_mint,en,false,EUR,2026-10-05T14:50:18.404Z
Non-Basic Lands,binder,Underground River,FRC,Reality Fracture Commander,87,normal,rare,2,116958,e8b05f37-815f-4854-bf82-ca544ca67532,1.32,false,false,false,near_mint,en,false,EUR,2026-10-05T14:50:18.404Z
Non-Basic Lands,binder,Bojuka Bog,SOC,Secrets of Strixhaven Commander,363,normal,common,1,111941,55b5b094-9d2d-4d96-b90c-78fecdae725a,1.94,false,false,false,near_mint,en,false,EUR,2026-10-05T14:51:02.722Z
Non-Basic Lands,binder,Cabaretti Courtyard,EOC,Edge of Eternities Commander,151,normal,common,1,107154,c54ddd4e-f668-4ec8-b123-59afa977eba4,0.32,false,false,false,near_mint,en,false,EUR,2026-10-05T14:51:02.722Z
Non-Basic Lands,binder,Canyon Slough,MSC,Marvel Super Heroes Commander,228,normal,rare,1,114231,587cc3ba-75c2-46a0-bd44-6f953fe1eb01,0.28,false,false,false,near_mint,en,false,EUR,2026-10-05T14:51:02.722Z
Non-Basic Lands,binder,Cinder Glade,MSC,Marvel Super Heroes Commander,230,normal,rare,1,114192,ec93087a-5728-40e8-8625-a1d175d5252c,0.26,false,false,false,near_mint,en,false,EUR,2026-10-05T14:51:02.722Z
Non-Basic Lands,binder,Dakmor Salvage,EOC,Edge of Eternities Commander,156,normal,uncommon,1,107057,72474b66-1dda-409d-8703-b026c1777081,0.2,false,false,false,near_mint,en,false,EUR,2026-10-05T14:51:02.722Z
Non-Basic Lands,binder,Escape Tunnel,TMT,Teenage Mutant Ninja Turtles,184,normal,common,1,111251,5df90940-15ea-418c-8547-6c75d69ec6d3,0.12,false,false,false,near_mint,en,false,EUR,2026-10-05T14:51:02.722Z
Non-Basic Lands,binder,Eumidian Hatchery,EOC,Edge of Eternities Commander,20,normal,rare,1,106976,25b57aaf-04fa-463d-8516-40fccd24d6ed,0.87,false,false,false,near_mint,en,false,EUR,2026-10-05T14:51:02.722Z
Non-Basic Lands,binder,Fabled Passage,FRC,Reality Fracture Commander,71,normal,rare,2,116889,76edd22f-808e-4a7c-b941-13c0f5e30418,1.06,false,false,false,near_mint,en,false,EUR,2026-10-05T14:51:02.722Z
Non-Basic Lands,binder,Festering Thicket,SOC,Secrets of Strixhaven Commander,371,normal,rare,1,112191,f71c87db-54ea-4611-8692-096d9714d854,0.28,false,false,false,near_mint,en,false,EUR,2026-10-05T14:51:02.722Z
Non-Basic Lands,binder,Forest,TRK,Star Trek,326,normal,common,8,115405,4fae200d-5757-4924-8cf4-ab2a5ef2ccc0,,false,false,false,near_mint,en,false,EUR,2026-10-05T14:51:02.722Z
Non-Basic Lands,binder,Karplusan Forest,EOC,Edge of Eternities Commander,164,normal,rare,2,107047,67198b97-bac2-480f-aea8-12841e8884de,0.89,false,false,false,near_mint,en,false,EUR,2026-10-05T14:51:02.722Z
Non-Basic Lands,binder,Llanowar Wastes,SOC,Secrets of Strixhaven Commander,383,normal,rare,1,111875,266316d3-3bbc-4283-aab8-69629855909f,1.5,false,false,false,near_mint,en,false,EUR,2026-10-05T14:51:02.722Z
Non-Basic Lands,binder,Maestros Theater,EOC,Edge of Eternities Commander,167,normal,common,1,107175,d4087ba6-8227-4ec3-a989-0833ad6c8788,0.25,false,false,false,near_mint,en,false,EUR,2026-10-05T14:51:02.722Z
Non-Basic Lands,binder,Mountain,TRK,Star Trek,323,normal,common,6,115392,2a844b96-6616-4c39-8f4f-5d14a3b2bd55,,false,false,false,near_mint,en,false,EUR,2026-10-05T14:51:02.722Z
Non-Basic Lands,binder,Mountain Valley,EOC,Edge of Eternities Commander,61,normal,uncommon,1,106989,3094800e-9994-47c3-9ebc-536bf5de13cd,0.24,false,false,false,near_mint,en,false,EUR,2026-10-05T14:51:02.722Z
Non-Basic Lands,binder,Myriad Landscape,EOC,Edge of Eternities Commander,169,normal,uncommon,1,107112,a0e2098f-1d94-491a-a7e9-a45a9f69e3a8,0.26,false,false,false,near_mint,en,false,EUR,2026-10-05T14:51:02.722Z
Non-Basic Lands,binder,Riveteers Overlook,ECC,Lorwyn Eclipsed Commander,162,normal,common,1,110516,65ce9590-87c0-4057-bddb-fadc0de552f6,0.16,false,false,false,near_mint,en,false,EUR,2026-10-05T14:51:02.722Z
Non-Basic Lands,binder,Rocky Tar Pit,EOC,Edge of Eternities Commander,173,normal,uncommon,1,106981,2aa1f7c6-f888-4384-9626-f106571e164c,0.23,false,false,false,near_mint,en,false,EUR,2026-10-05T14:51:02.722Z
Non-Basic Lands,binder,Sheltered Thicket,ECC,Lorwyn Eclipsed Commander,167,normal,rare,2,110593,ad7f87dd-1c43-4b6f-9d68-cc09ef76dbc2,0.14,false,false,false,near_mint,en,false,EUR,2026-10-05T14:51:02.722Z
Non-Basic Lands,binder,Smoldering Marsh,MSC,Marvel Super Heroes Commander,266,normal,rare,1,114266,d707c477-440f-417c-970a-0e7426a58045,0.31,false,false,false,near_mint,en,false,EUR,2026-10-05T14:51:02.722Z
Non-Basic Lands,binder,Sulfurous Springs,FRC,Reality Fracture Commander,85,normal,rare,2,116931,be340a1c-f1e7-446e-ae91-86ecb884479c,1.09,false,false,false,near_mint,en,false,EUR,2026-10-05T14:51:02.722Z
Non-Basic Lands,binder,Terramorphic Expanse,MSC,Marvel Super Heroes Commander,273,normal,common,1,114173,a81f924b-0527-4311-8120-9bfff71524f6,0.1,false,false,false,near_mint,en,false,EUR,2026-10-05T14:51:02.722Z
Non-Basic Lands,binder,Twilight Mire,SOC,Secrets of Strixhaven Commander,418,normal,rare,1,111903,3cc8186b-b46f-46c0-8dfb-9e423e430048,0.77,false,false,false,near_mint,en,false,EUR,2026-10-05T14:51:02.722Z
Non-Basic Lands,binder,Vernal Fen,SOC,Secrets of Strixhaven Commander,419,normal,rare,1,111826,0466cf57-bb3e-4359-8fe8-d6cc1288fdc6,0.6,false,false,false,near_mint,en,false,EUR,2026-10-05T14:51:02.722Z
Non-Basic Lands,binder,Viridescent Bog,SOC,Secrets of Strixhaven Commander,421,normal,rare,1,111939,54d852fc-0f3a-4791-a147-b21ca6964763,0.28,false,false,false,near_mint,en,false,EUR,2026-10-05T14:51:02.722Z
Non-Basic Lands,binder,Wastes,EOC,Edge of Eternities Commander,191,normal,common,1,107141,baf8f4f2-9f25-4cd2-8d78-1041e134aeac,0.42,false,false,false,near_mint,en,false,EUR,2026-10-05T14:51:02.722Z
Non-Basic Lands,binder,Battlefield Forge,FRC,Reality Fracture Commander,65,normal,rare,2,116964,ef7d3676-b1db-4329-9201-18f8a6c54ea6,0.23,false,false,false,near_mint,en,false,EUR,2026-10-05T14:52:08.995Z
Non-Basic Lands,binder,Caves of Koilos,FRC,Reality Fracture Commander,66,normal,rare,1,116936,ca814c7c-9908-4727-b556-3f85bfd653ca,0.67,false,false,false,near_mint,en,false,EUR,2026-10-05T14:52:08.995Z
Non-Basic Lands,binder,Clifftop Retreat,FRC,Reality Fracture Commander,67,normal,rare,2,116940,cd112d5c-102f-45a6-b26c-f80cc97d4df2,0.23,false,false,false,near_mint,en,false,EUR,2026-10-05T14:52:08.995Z
Non-Basic Lands,binder,Contaminated Landscape,FRC,Reality Fracture Commander,68,normal,common,1,116970,f9274fad-3f30-454a-8d61-d487165090d7,0.18,false,false,false,near_mint,en,false,EUR,2026-10-05T14:52:08.995Z
Non-Basic Lands,binder,Island,FRA,Reality Fracture,284,normal,common,3,116854,1c1b233f-ade1-40c8-a91f-e9d8cc63179b,0.12,false,false,false,near_mint,en,false,EUR,2026-10-05T14:52:08.995Z
Non-Basic Lands,binder,Kher Keep,FRC,Reality Fracture Commander,75,normal,rare,1,116850,15ca0b68-33a1-4d25-b622-d3f5ba05b0a5,0.21,false,false,false,near_mint,en,false,EUR,2026-10-05T14:52:08.995Z
Non-Basic Lands,binder,Mountain,FRA,Reality Fracture,287,normal,common,2,116851,16671d98-6f00-477b-a010-d2905c94eb65,0.11,false,false,false,near_mint,en,false,EUR,2026-10-05T14:52:08.995Z
Non-Basic Lands,binder,Mystic Gate,FRC,Reality Fracture Commander,76,normal,rare,1,116973,fa32d90e-1153-42ab-b8ff-0eb82698692c,2.03,false,false,false,near_mint,en,false,EUR,2026-10-05T14:52:08.995Z
Non-Basic Lands,binder,Perilous Landscape,FRC,Reality Fracture Commander,78,normal,common,1,116976,fec4ca25-ef4c-4500-9bec-60d29c060b83,0.19,false,false,false,near_mint,en,false,EUR,2026-10-05T14:52:08.995Z
Non-Basic Lands,binder,Plains,FRA,Reality Fracture,281,normal,common,4,116914,a4eaecb8-066a-4c72-aa5d-5ed0614ba537,0.14,false,false,false,near_mint,en,false,EUR,2026-10-05T14:52:08.995Z
Non-Basic Lands,binder,Radiant Summit,FRC,Reality Fracture Commander,80,normal,rare,2,117034,f8cd6aae-a1cb-43b1-aca9-09fe2778969f,0.26,false,false,false,near_mint,en,false,EUR,2026-10-05T14:52:08.995Z
Non-Basic Lands,binder,Reflecting Pool,FRC,Reality Fracture Commander,23,normal,rare,1,116937,cbc4281a-b70d-4f96-b309-38e986484829,6.3,false,false,false,near_mint,en,false,EUR,2026-10-05T14:52:08.995Z
Non-Basic Lands,binder,Restless Anchorage,FRC,Reality Fracture Commander,81,normal,rare,1,116846,109900a9-6dcb-4f89-b84c-0ce0a0175e8f,0.27,false,false,false,near_mint,en,false,EUR,2026-10-05T14:52:08.995Z
Non-Basic Lands,binder,Restless Spire,FRC,Reality Fracture Commander,82,normal,rare,1,116864,30ecfd44-8dd4-4ae3-9076-14799f8a9a14,0.14,false,false,false,near_mint,en,false,EUR,2026-10-05T14:52:08.995Z
Non-Basic Lands,binder,Shivan Reef,FRC,Reality Fracture Commander,83,normal,rare,2,116909,9fb3938c-9ecf-46cc-865a-0091455419f9,0.3,false,false,false,near_mint,en,false,EUR,2026-10-05T14:52:08.995Z
Non-Basic Lands,binder,Sulfur Falls,FRC,Reality Fracture Commander,84,normal,rare,2,116859,2b20fa73-c6de-49c1-b3d0-6ebd543a00d0,0.28,false,false,false,near_mint,en,false,EUR,2026-10-05T14:52:08.995Z
Non-Basic Lands,binder,Swamp,FRA,Reality Fracture,286,normal,common,2,116836,05465ed0-f511-4e6f-9561-49bf6608fb80,0.12,false,false,false,near_mint,en,false,EUR,2026-10-05T14:52:08.995Z
Non-Basic Lands,binder,Turbulent Crater,FRC,Reality Fracture Commander,16,normal,rare,1,116841,0cb04417-063e-45f7-86d3-7648111d04d7,3.06,false,false,false,near_mint,en,false,EUR,2026-10-05T14:52:08.995Z
Non-Basic Lands,binder,Turbulent Shore,FRC,Reality Fracture Commander,17,normal,rare,1,116901,92039341-152a-4797-a3df-e89e8d5145d3,3.01,false,false,false,near_mint,en,false,EUR,2026-10-05T14:52:08.995Z
Non-Basic Lands,binder,Turbulent Wetlands,FRC,Reality Fracture Commander,18,normal,rare,1,116896,8d86f7f8-492d-4e19-8b61-39084c6299ac,3.58,false,false,false,near_mint,en,false,EUR,2026-10-05T14:52:08.995Z
Non-Basic Lands,binder,Adarkar Wastes,EOC,Edge of Eternities Commander,147,normal,rare,1,107263,42e0aa15-639a-4e88-9bd8-ce5e7c7d7649,0.51,false,false,false,near_mint,en,false,EUR,2026-10-05T14:52:47.095Z
Non-Basic Lands,binder,Ancient Den,EOC,Edge of Eternities Commander,148,normal,common,1,107338,d9a7b0f6-97f9-4937-865c-e25c142c3ed7,1.83,false,false,false,near_mint,en,false,EUR,2026-10-05T14:52:47.095Z
Non-Basic Lands,binder,Buried Ruin,EOC,Edge of Eternities Commander,150,normal,uncommon,1,107287,7ab1a074-9d92-4125-9200-84cd035f8f53,0.42,false,false,false,near_mint,en,false,EUR,2026-10-05T14:52:47.095Z
Non-Basic Lands,binder,Cascade Bluffs,SOC,Secrets of Strixhaven Commander,364,normal,rare,1,111867,22acccd2-4e9d-46de-a060-863b08152e50,0.74,false,false,false,near_mint,en,false,EUR,2026-10-05T14:52:47.095Z
Non-Basic Lands,binder,Glittering Massif,MSC,Marvel Super Heroes Commander,249,normal,rare,1,113893,a01274c2-a8f4-43b5-bd91-c4905b8cee7e,0.22,false,false,false,near_mint,en,false,EUR,2026-10-05T14:52:47.095Z
Non-Basic Lands,binder,Great Furnace,EOC,Edge of Eternities Commander,161,normal,common,1,107282,74c5bb44-d72c-4c1a-a38f-86b4a8f49ae1,2.57,false,false,false,near_mint,en,false,EUR,2026-10-05T14:52:47.095Z
Non-Basic Lands,binder,Irrigated Farmland,MSC,Marvel Super Heroes Commander,251,normal,rare,1,113880,996b4484-a701-409a-822c-aa19be89a2c6,0.16,false,false,false,near_mint,en,false,EUR,2026-10-05T14:52:47.095Z
Non-Basic Lands,binder,Karn's Bastion,EOC,Edge of Eternities Commander,163,normal,rare,1,107243,22017ec2-3552-4865-af76-dba042b141f5,2.63,false,false,false,near_mint,en,false,EUR,2026-10-05T14:52:47.095Z
Non-Basic Lands,binder,Lonely Sandbar,EOC,Edge of Eternities Commander,166,normal,common,1,107264,42f8591e-df30-49ec-962c-a75d32e6d9f5,0.16,false,false,false,near_mint,en,false,EUR,2026-10-05T14:52:47.095Z
Non-Basic Lands,binder,Mystic Monastery,MSC,Marvel Super Heroes Commander,253,normal,uncommon,1,113949,bc23343a-3a01-4975-8430-17bf15fa639d,0.18,false,false,false,near_mint,en,false,EUR,2026-10-05T14:52:47.095Z
Non-Basic Lands,binder,Plains,TRK,Star Trek,318,normal,common,3,115378,09b3c8bb-10ca-4b9f-8507-db6e8c52a918,,false,false,false,near_mint,en,false,EUR,2026-10-05T14:52:47.095Z
Non-Basic Lands,binder,Razortide Bridge,EOC,Edge of Eternities Commander,171,normal,common,1,107227,0bbd24cd-48f7-40d7-9741-f30108f04b84,0.23,false,false,false,near_mint,en,false,EUR,2026-10-05T14:52:47.095Z
Non-Basic Lands,binder,Rugged Prairie,SOC,Secrets of Strixhaven Commander,401,normal,rare,1,111968,6bd21c9e-de16-4ee9-ae16-6e82b490109d,0.43,false,false,false,near_mint,en,false,EUR,2026-10-05T14:52:47.095Z
Non-Basic Lands,binder,Rustvale Bridge,EOC,Edge of Eternities Commander,175,normal,common,1,107339,da54e458-1d4f-45f0-a225-99eb9c4049fb,0.2,false,false,false,near_mint,en,false,EUR,2026-10-05T14:52:47.095Z
Non-Basic Lands,binder,Seat of the Synod,EOC,Edge of Eternities Commander,176,normal,common,1,107272,57a194b3-2899-4dee-977a-c77df0b94dfe,0.96,false,false,false,near_mint,en,false,EUR,2026-10-05T14:52:47.095Z
Non-Basic Lands,binder,Secluded Steppe,EOC,Edge of Eternities Commander,177,normal,common,1,107312,aaa5bee9-3f6a-45b0-a282-6b23222e948f,0.29,false,false,false,near_mint,en,false,EUR,2026-10-05T14:52:47.095Z
Non-Basic Lands,binder,Silverbluff Bridge,EOC,Edge of Eternities Commander,180,normal,common,1,107297,8f14540a-479f-4a3c-8e5b-f482caf48451,0.24,false,false,false,near_mint,en,false,EUR,2026-10-05T14:52:47.095Z
Non-Basic Lands,binder,Spire of Industry,EOC,Edge of Eternities Commander,183,normal,rare,1,107258,35e9ec06-a848-4230-84a2-19cb8034e0f0,0.26,false,false,false,near_mint,en,false,EUR,2026-10-05T14:52:47.095Z
Non-Basic Lands,binder,Temple of Enlightenment,EOC,Edge of Eternities Commander,186,normal,rare,1,107342,dd139d4d-3a40-4015-93de-c838c64156c6,0.14,false,false,false,near_mint,en,false,EUR,2026-10-05T14:52:47.095Z
Non-Basic Lands,binder,Temple of Epiphany,SOC,Secrets of Strixhaven Commander,412,normal,rare,1,112127,cc63cd97-de9e-4d31-babb-aaad1277169e,0.2,false,false,false,near_mint,en,false,EUR,2026-10-05T14:52:47.095Z
Non-Basic Lands,binder,Temple of Triumph,SOC,Secrets of Strixhaven Commander,417,normal,rare,1,112134,d0e763f7-25b8-444f-8722-614297d0663f,0.22,false,false,false,near_mint,en,false,EUR,2026-10-05T14:52:47.095Z
Non-Basic Lands,binder,The Mycosynth Gardens,EOC,Edge of Eternities Commander,168,normal,rare,1,107226,0a6f0408-6758-495f-9d6c-7686a1542fbd,0.57,false,false,false,near_mint,en,false,EUR,2026-10-05T14:52:47.095Z
Non-Basic Lands,binder,Ash Barrens,FIC,Final Fantasy Commander,374,normal,common,1,105997,77df073b-49dc-4743-82a3-d595bc938761,0.16,false,false,false,near_mint,en,false,EUR,2026-10-05T14:53:36.289Z
Non-Basic Lands,binder,Battlefield Forge,FIC,Final Fantasy Commander,375,normal,rare,1,106092,a2de3346-9647-4540-ba41-e67c24ddf141,0.34,false,false,false,near_mint,en,false,EUR,2026-10-05T14:53:36.289Z
Non-Basic Lands,binder,Bonders' Enclave,FIC,Final Fantasy Commander,376,normal,rare,1,106112,abcd3daa-dd34-4d7d-b3ed-839f5e438cd7,0.44,false,false,false,near_mint,en,false,EUR,2026-10-05T14:53:36.289Z
Non-Basic Lands,binder,Brushland,FIC,Final Fantasy Commander,377,normal,rare,1,106150,c2bc3f62-1e3a-4ec3-a83b-f6547d7c7b0d,0.81,false,false,false,near_mint,en,false,EUR,2026-10-05T14:53:36.289Z
Non-Basic Lands,binder,Canopy Vista,FIC,Final Fantasy Commander,378,normal,rare,1,105952,5d33aeaa-df27-4c41-9926-79e9dc6a9c69,0.24,false,false,false,near_mint,en,false,EUR,2026-10-05T14:53:36.289Z
Non-Basic Lands,binder,Cinder Glade,FIC,Final Fantasy Commander,380,normal,rare,1,105942,597dd04f-cb3d-4224-8e56-21f66485df47,0.3,false,false,false,near_mint,en,false,EUR,2026-10-05T14:53:36.289Z
Non-Basic Lands,binder,Clifftop Retreat,FIC,Final Fantasy Commander,381,normal,rare,1,105866,2cddc851-fef6-4a45-818c-97d3dfc4140d,0.34,false,false,false,near_mint,en,false,EUR,2026-10-05T14:53:36.289Z
Non-Basic Lands,binder,Command Tower,FIC,Final Fantasy Commander,485,normal,common,1,106109,aae0b3ae-ed57-4d17-8876-736aa22186cf,0.4,false,false,false,near_mint,en,false,EUR,2026-10-05T14:53:36.289Z
Non-Basic Lands,binder,Evolving Wilds,FIC,Final Fantasy Commander,389,normal,common,1,105887,351f791c-4bee-4fce-aee4-d0214ca0c945,0.16,false,false,false,near_mint,en,false,EUR,2026-10-05T14:53:36.289Z
Non-Basic Lands,binder,Exotic Orchard,FIC,Final Fantasy Commander,390,normal,rare,1,105912,47c2b572-b54a-444c-8d74-b005e94d751f,0.26,false,false,false,near_mint,en,false,EUR,2026-10-05T14:53:36.289Z
Non-Basic Lands,binder,Fire-Lit Thicket,FIC,Final Fantasy Commander,392,normal,rare,1,106140,bcab849e-336d-490f-8dd2-0936fba2afbe,1.65,false,false,false,near_mint,en,false,EUR,2026-10-05T14:53:36.289Z
Non-Basic Lands,binder,Forest,FIN,Final Fantasy,307,normal,common,1,105595,3d08f6a6-316d-45d8-aabe-1760a20903ac,0.22,false,false,false,near_mint,en,false,EUR,2026-10-05T14:53:36.289Z
Non-Basic Lands,binder,Forest,FIN,Final Fantasy,306,normal,common,1,105707,be72862d-d71e-4b18-98a6-59019399f631,0.26,false,false,false,near_mint,en,false,EUR,2026-10-05T14:53:36.289Z
Non-Basic Lands,binder,Forest,FIN,Final Fantasy,308,normal,common,1,105710,c52038c8-5bba-4d8e-845f-30af44300acc,0.19,false,false,false,near_mint,en,false,EUR,2026-10-05T14:53:36.289Z
Non-Basic Lands,binder,Fortified Village,FIC,Final Fantasy Commander,396,normal,rare,1,105825,1028b210-db71-4bbd-8bd7-59dc4032f426,0.22,false,false,false,near_mint,en,false,EUR,2026-10-05T14:53:36.289Z
Non-Basic Lands,binder,Furycalm Snarl,FIC,Final Fantasy Commander,397,normal,rare,1,105972,67e44005-d0a5-49d2-b2f7-4b991ffbb5ce,0.25,false,false,false,near_mint,en,false,EUR,2026-10-05T14:53:36.289Z
Non-Basic Lands,binder,Game Trail,FIC,Final Fantasy Commander,398,normal,rare,1,105927,4d62258f-135b-44ca-a27d-3c2267f408a5,0.23,false,false,false,near_mint,en,false,EUR,2026-10-05T14:53:36.289Z
Non-Basic Lands,binder,Jungle Shrine,FIC,Final Fantasy Commander,406,normal,uncommon,1,106172,cf5f5ffc-fad0-4f7b-b2a3-cc10ca445d40,0.28,false,false,false,near_mint,en,false,EUR,2026-10-05T14:53:36.289Z
Non-Basic Lands,binder,Mossfire Valley,FIC,Final Fantasy Commander,407,normal,rare,1,106199,de5279fc-2532-4e66-bc44-ca395e106ab0,0.24,false,false,false,near_mint,en,false,EUR,2026-10-05T14:53:36.289Z
Non-Basic Lands,binder,Mountain,FIN,Final Fantasy,303,normal,common,1,105679,a18ef64b-a9de-4548-b4d5-168758442db7,0.21,false,false,false,near_mint,en,false,EUR,2026-10-05T14:53:36.289Z
Non-Basic Lands,binder,Mountain,FIN,Final Fantasy,304,normal,common,1,105719,d061b9a8-e95d-48ec-a1c9-337433b62dfc,0.18,false,false,false,near_mint,en,false,EUR,2026-10-05T14:53:36.289Z
Non-Basic Lands,binder,Mountain,FIN,Final Fantasy,305,normal,common,1,105745,ea1735b9-fd10-4c9c-b9d3-046d8c22b852,0.26,false,false,false,near_mint,en,false,EUR,2026-10-05T14:53:36.289Z
Non-Basic Lands,binder,Path of Ancestry,FIC,Final Fantasy Commander,411,normal,common,1,105929,4dd83a5d-1908-4141-8449-fac5e77cd6c0,0.15,false,false,false,near_mint,en,false,EUR,2026-10-05T14:53:36.289Z
Non-Basic Lands,binder,Plains,FIN,Final Fantasy,294,normal,common,1,105678,9dd2d666-7c6b-48ce-93dc-c004ebdd1fe9,0.15,false,false,false,near_mint,en,false,EUR,2026-10-05T14:53:36.289Z
Non-Basic Lands,binder,Plains,FIN,Final Fantasy,295,normal,common,1,105742,e623b058-76d2-476b-9ee6-82807f7992c3,0.17,false,false,false,near_mint,en,false,EUR,2026-10-05T14:53:36.289Z
Non-Basic Lands,binder,Plains,FIN,Final Fantasy,296,normal,common,1,105750,ee86ac2f-f398-4422-8721-8ac859fbf5bc,0.14,false,false,false,near_mint,en,false,EUR,2026-10-05T14:53:36.289Z
Non-Basic Lands,binder,Radiant Grove,FIC,Final Fantasy Commander,414,normal,common,1,106057,977bf5a1-81f2-4c5b-a227-347bf8e19554,0.2,false,false,false,near_mint,en,false,EUR,2026-10-05T14:53:36.289Z
Non-Basic Lands,binder,Rootbound Crag,FIC,Final Fantasy Commander,416,normal,rare,1,105986,73a2e070-f375-4558-a982-01f6f4e902e9,0.37,false,false,false,near_mint,en,false,EUR,2026-10-05T14:53:36.289Z
Non-Basic Lands,binder,Rugged Prairie,FIC,Final Fantasy Commander,417,normal,rare,1,105894,3d575770-cb81-4353-b49e-cdaca7a5162f,0.33,false,false,false,near_mint,en,false,EUR,2026-10-05T14:53:36.289Z
Non-Basic Lands,binder,Sacred Peaks,FIC,Final Fantasy Commander,418,normal,common,1,106227,eb18e293-a58b-4a49-b601-88a30ffa9b99,0.1,false,false,false,near_mint,en,false,EUR,2026-10-05T14:53:36.289Z
Non-Basic Lands,binder,Scavenger Grounds,FIC,Final Fantasy Commander,419,normal,rare,1,106098,a4e3f65d-8d73-4fd1-9de4-813ba6e40940,0.31,false,false,false,near_mint,en,false,EUR,2026-10-05T14:53:36.289Z
Non-Basic Lands,binder,Slayers' Stronghold,FIC,Final Fantasy Commander,424,normal,rare,1,105878,30d0754a-f7bb-4c13-b7e3-28046db48cc1,0.23,false,false,false,near_mint,en,false,EUR,2026-10-05T14:53:36.289Z
Non-Basic Lands,binder,Spire of Industry,FIC,Final Fantasy Commander,426,normal,rare,1,105957,60057719-f597-4f2e-a75c-663f98a08573,0.23,false,false,false,near_mint,en,false,EUR,2026-10-05T14:53:36.289Z
Non-Basic Lands,binder,Sungrass Prairie,FIC,Final Fantasy Commander,428,normal,rare,1,106016,81e28e36-893f-4b34-aef7-5f2c15dc231c,0.2,false,false,false,near_mint,en,false,EUR,2026-10-05T14:53:36.289Z
Non-Basic Lands,binder,Sunpetal Grove,FIC,Final Fantasy Commander,432,normal,rare,1,105945,5b0275b1-64bc-4c78-ac1a-9bd31399b946,0.52,false,false,false,near_mint,en,false,EUR,2026-10-05T14:53:36.289Z
Non-Basic Lands,binder,Sunscorched Divide,FIC,Final Fantasy Commander,433,normal,rare,1,106021,84b648e4-d9c2-426f-8b2a-ef88e9eb25ac,0.23,false,false,false,near_mint,en,false,EUR,2026-10-05T14:53:36.289Z
Non-Basic Lands,binder,Wooded Ridgeline,FIC,Final Fantasy Commander,441,normal,common,1,105970,672b6ef0-a21a-4bf0-9058-58d9a353ed57,0.15,false,false,false,near_mint,en,false,EUR,2026-10-05T14:53:36.289Z
Non-Basic Lands,binder,Bountiful Landscape,TDC,Tarkir: Dragonstorm Commander,342,normal,common,1,105048,f1c99617-6e38-4af7-a064-6db9a5e2cc6a,0.19,false,false,false,near_mint,en,false,EUR,2026-10-05T14:54:14.305Z
Non-Basic Lands,binder,Cinder Glade,ECC,Lorwyn Eclipsed Commander,146,normal,rare,1,110469,306a7feb-f254-4ef1-a813-709601e87905,0.23,false,false,false,near_mint,en,false,EUR,2026-10-05T14:54:14.305Z
Non-Basic Lands,binder,Command Tower,TDC,Tarkir: Dragonstorm Commander,107,normal,common,1,104302,5fc770b6-03ac-45c3-a2ca-bd508096384e,0.31,false,false,false,near_mint,en,false,EUR,2026-10-05T14:54:14.305Z
Non-Basic Lands,binder,Evolving Wilds,TDM,Tarkir: Dragonstorm,255,normal,common,1,104685,62209251-4118-4843-895b-46afb7284c75,0.1,false,false,false,near_mint,en,false,EUR,2026-10-05T14:54:14.305Z
Non-Basic Lands,binder,Exotic Orchard,ECC,Lorwyn Eclipsed Commander,148,normal,rare,1,110638,dc0a1bc1-ba94-4494-a196-5363fde85194,0.25,false,false,false,near_mint,en,false,EUR,2026-10-05T14:54:14.305Z
Non-Basic Lands,binder,Flooded Grove,SOC,Secrets of Strixhaven Commander,373,normal,rare,1,112157,df797e0d-8ae2-4fdb-a33d-4ba7852b0172,0.4,false,false,false,near_mint,en,false,EUR,2026-10-05T14:54:14.305Z
Non-Basic Lands,binder,Forest,TDM,Tarkir: Dragonstorm,285,normal,common,3,104317,8100bceb-ffba-487a-bb45-4fe2a156a8dc,0.19,false,false,false,near_mint,en,false,EUR,2026-10-05T14:54:14.305Z
Non-Basic Lands,binder,Forest,TDM,Tarkir: Dragonstorm,286,normal,common,2,104324,8e3e83d2-96ba-4d5c-a1ed-6c08a90b339c,0.16,false,false,false,near_mint,en,false,EUR,2026-10-05T14:54:14.305Z
Non-Basic Lands,binder,Frontier Bivouac,ECC,Lorwyn Eclipsed Commander,150,normal,uncommon,1,110494,48810b27-0646-4ff9-9d4d-c6d09b2e0267,0.18,false,false,false,near_mint,en,false,EUR,2026-10-05T14:54:14.305Z
Non-Basic Lands,binder,Haven of the Spirit Dragon,TDC,Tarkir: Dragonstorm Commander,370,normal,rare,1,104973,d0c552da-874e-49eb-b221-47220b8b7786,0.83,false,false,false,near_mint,en,false,EUR,2026-10-05T14:54:14.305Z
Non-Basic Lands,binder,Hinterland Harbor,SOC,Secrets of Strixhaven Commander,381,normal,rare,1,112103,c13adc8c-03bb-4088-98af-0c06d83369aa,0.42,false,false,false,near_mint,en,false,EUR,2026-10-05T14:54:14.305Z
Non-Basic Lands,binder,Island,TDM,Tarkir: Dragonstorm,280,normal,common,1,104247,15be7923-6efc-4650-b8d1-f61cb33ef81d,0.17,false,false,false,near_mint,en,false,EUR,2026-10-05T14:54:14.305Z
Non-Basic Lands,binder,Island,TDM,Tarkir: Dragonstorm,279,normal,common,2,104252,1ff6acc9-581c-468f-894d-41f725da7f33,0.16,false,false,false,near_mint,en,false,EUR,2026-10-05T14:54:14.305Z
Non-Basic Lands,binder,Kessig Wolf Run,TDC,Tarkir: Dragonstorm Commander,375,normal,rare,1,104536,32da0d6c-64dd-4aec-b63e-953e96164603,0.31,false,false,false,near_mint,en,false,EUR,2026-10-05T14:54:14.305Z
Non-Basic Lands,binder,Mossfire Valley,TDC,Tarkir: Dragonstorm Commander,378,normal,rare,1,104512,29208018-8079-44bc-b33b-21cda4709bf2,0.23,false,false,false,near_mint,en,false,EUR,2026-10-05T14:54:14.305Z
Non-Basic Lands,binder,Mosswort Bridge,TDC,Tarkir: Dragonstorm Commander,379,normal,rare,1,104462,1490c0dc-06d6-45ee-af3c-2935b0ab1233,0.38,false,false,false,near_mint,en,false,EUR,2026-10-05T14:54:14.305Z
Non-Basic Lands,binder,Mountain,TDM,Tarkir: Dragonstorm,284,normal,common,3,104274,3df7c206-97b6-49d7-ba01-7a35fd8c61d9,0.13,false,false,false,near_mint,en,false,EUR,2026-10-05T14:54:14.305Z
Non-Basic Lands,binder,Mountain,TDM,Tarkir: Dragonstorm,283,normal,common,3,104355,bfa10a88-12e0-4b79-80bb-6f4620277e20,0.18,false,false,false,near_mint,en,false,EUR,2026-10-05T14:54:14.305Z
Non-Basic Lands,binder,Path of Ancestry,SOC,Secrets of Strixhaven Commander,393,normal,common,1,112037,9335e773-4b45-4b91-8140-5159fe7e0395,0.14,false,false,false,near_mint,en,false,EUR,2026-10-05T14:54:14.305Z
Non-Basic Lands,binder,Rockfall Vale,TDC,Tarkir: Dragonstorm Commander,387,normal,rare,1,105005,dcdea659-ecaf-4abe-be0f-64e105abb104,2.42,false,false,false,near_mint,en,false,EUR,2026-10-05T14:54:14.305Z
Non-Basic Lands,binder,Rootbound Crag,ECC,Lorwyn Eclipsed Commander,163,normal,rare,1,110607,bc0f449a-01e2-4c22-8eb0-17ad1efb62e4,0.46,false,false,false,near_mint,en,false,EUR,2026-10-05T14:54:14.305Z
Non-Basic Lands,binder,Shivan Reef,SOC,Secrets of Strixhaven Commander,404,normal,rare,1,112160,e13d0982-2542-4770-8e93-637478a0f84a,0.56,false,false,false,near_mint,en,false,EUR,2026-10-05T14:54:14.305Z
Non-Basic Lands,binder,Sulfur Falls,SOC,Secrets of Strixhaven Commander,408,normal,rare,1,111943,56a6df05-f4e4-40d9-a701-6d5adb7ce9fd,0.5,false,false,false,near_mint,en,false,EUR,2026-10-05T14:54:14.305Z
Non-Basic Lands,binder,Temple of Abandon,TDC,Tarkir: Dragonstorm Commander,400,normal,rare,1,104979,d2ce0759-6b24-41a6-8a24-16cf44dfc162,0.16,false,false,false,near_mint,en,false,EUR,2026-10-05T14:54:14.305Z
Non-Basic Lands,binder,Temple of Mystery,SOC,Secrets of Strixhaven Commander,414,normal,rare,1,111872,258077cf-edef-40fe-ab46-03c965ebe990,0.18,false,false,false,near_mint,en,false,EUR,2026-10-05T14:54:14.305Z
Non-Basic Lands,binder,Temple of the Dragon Queen,TDC,Tarkir: Dragonstorm Commander,104,normal,uncommon,1,104806,91658f56-12c9-4173-94ad-dfd186b1dbae,0.17,false,false,false,near_mint,en,false,EUR,2026-10-05T14:54:14.305Z
Non-Basic Lands,binder,Yavimaya Coast,SOC,Secrets of Strixhaven Commander,425,normal,rare,1,112184,f4c1500b-1f4c-4d33-810c-25e3bb0a4666,0.46,false,false,false,near_mint,en,false,EUR,2026-10-05T14:54:14.305Z
Non-Basic Lands,binder,Lake-town,HOB,The Hobbit,186,normal,common,1,115044,2fbd0584-81a7-4c47-8af1-1c8635899a97,0.08,false,false,false,near_mint,en,false,EUR,2026-10-05T15:35:20.335Z
Non-Basic Lands,binder,Dimension X,TMT,Teenage Mutant Ninja Turtles,183,normal,common,1,111558,1c244fc2-70f0-4149-b0d2-d49fc6bac2b0,0.2,false,false,false,near_mint,en,false,EUR,2026-10-05T15:35:20.336Z
Non-Basic Lands,binder,Avengers Hangar,MSH,Marvel Super Heroes,259,normal,common,1,113977,c5d03ebb-1ce9-4a6b-b13e-a72f0b075ae8,0.09,false,false,false,near_mint,en,false,EUR,2026-10-05T15:35:20.337Z
Non-Basic Lands,binder,Neglected Manor,DSK,Duskmourn: House of Horror,264,normal,common,1,98608,11cf1531-8a3c-4e28-a114-d3a342b33bb6,0.04,false,false,false,near_mint,en,false,EUR,2026-10-05T15:35:20.339Z
Non-Basic Lands,binder,Bleeding Woods,DSK,Duskmourn: House of Horror,257,normal,common,1,98671,cb224874-aff5-461f-82ee-89b06663231a,0.07,false,false,false,near_mint,en,false,EUR,2026-10-05T15:35:20.340Z
Non-Basic Lands,binder,Lakeside Shack,DSK,Duskmourn: House of Horror,262,normal,common,1,98660,a9367acd-393a-4966-ba60-af2ecd4e7596,0.06,false,false,false,near_mint,en,false,EUR,2026-10-05T15:35:20.341Z
Non-Basic Lands,binder,Peculiar Lighthouse,DSK,Duskmourn: House of Horror,265,normal,common,1,98620,3a6e40c0-e70e-4353-a920-9851cfac71dd,0.07,false,false,false,near_mint,en,false,EUR,2026-10-05T15:35:20.342Z
Non-Basic Lands,binder,Raucous Carnival,DSK,Duskmourn: House of Horror,266,normal,common,1,98618,3604a211-9bf7-474e-bd78-32a862f4259c,0.1,false,false,false,near_mint,en,false,EUR,2026-10-05T15:35:20.343Z
Non-Basic Lands,binder,Razortrap Gorge,DSK,Duskmourn: House of Horror,267,normal,common,1,98654,98d0d067-b52d-47ec-ba7b-8cfcd716c0e5,0.36,false,false,false,near_mint,en,false,EUR,2026-10-05T15:35:20.344Z
Non-Basic Lands,binder,Etched Cornfield,DSK,Duskmourn: House of Horror,258,normal,common,1,98681,f8900b89-0e10-4602-bba2-da8d60ea5885,0.06,false,false,false,near_mint,en,false,EUR,2026-10-05T15:35:20.345Z
Non-Basic Lands,binder,Goblin-town,HOB,The Hobbit,183,normal,common,2,115088,d76df9d0-56cf-4351-a5e8-e6ae6fc791d1,0.08,false,false,false,near_mint,en,false,EUR,2026-10-05T15:35:20.332Z
Non-Basic Lands,binder,Elvenking's Halls,HOB,The Hobbit,182,normal,common,2,115086,cd477096-41b1-4907-9cb3-852cb22c9ba2,0.09,false,false,false,near_mint,en,false,EUR,2026-10-05T15:35:20.333Z